"IterationNo","AUC_at_Value_0.025","AUC_at_0.5","AUC_ratio"
0,0.584323977056487,0.499977111069525,1.16870145476566
1,0.598114333700787,0.499999919925142,1.19622885897729
2,0.585429373678466,0.499983419628927,1.1708975751895
3,0.554987738628313,0.499962221302726,1.11005935044894
4,0.580731474934282,0.499983419628927,1.16150146611918
5,0.585211448825015,0.499772638063769,1.17095535900536
6,0.626554585329026,0.499974410184386,1.2531733076058
7,0.591102993470631,0.499983419628927,1.1822451910692
8,0.591002628706791,0.49995852076115,1.18210332290574
9,0.569562710795751,0.499989169564868,1.13915009657396
10,0.582923448146639,0.499999919925142,1.16584708300336
11,0.577290442011166,0.499965748972287,1.15465998060432
12,0.583429657132932,0.499973358528286,1.16692149127767
13,0.552031812891331,0.499976449966121,1.10411562970363
14,0.586344608484076,0.499989169564868,1.17271461898737
15,0.595028906200848,0.499989169564868,1.19008359064796
16,0.562258675621412,0.499974410184386,1.12457490657183
17,0.593523894630162,0.499965748972287,1.18712911004442
18,0.565976274963825,0.49995852076115,1.13204646277889
19,0.593681919639804,0.499891528806929,1.18762148471834
20,0.574781916152186,0.499975440663665,1.14962030012759
21,0.603283370352236,0.499965748972287,1.20664939866846
22,0.586825254425172,0.499999920444265,1.17365069559163
23,0.564537317857426,0.499973003270292,1.12913560165213
24,0.620469026530517,0.499999919925142,1.24093825179694
25,0.623131660667052,0.499978405040569,1.24631714967067
26,0.540018569857678,0.499974410184386,1.08009241844702
27,0.555374706971681,0.499891528806929,1.11099043485928
28,0.566799773441582,0.499772638063769,1.13411525616426
29,0.606062504615965,0.499978405040569,1.21217736307389
30,0.532596482224088,0.499974410184386,1.06524748342154
31,0.568354279558363,0.49997966136393,1.13675479920105
32,0.577994547690103,0.499965748972287,1.15606828843417
33,0.599744678133864,0.499988748293156,1.19951634948037
34,0.544256063668865,0.499826906492482,1.08888908660033
35,0.590845603822977,0.499977924213265,1.18174338347577
36,0.56006156956955,0.49997966136393,1.12016870454634
37,0.614410806214252,0.499998070262107,1.22882635505407
38,0.610380100385279,0.49999999992382,1.22076020095655
39,0.589982284950722,0.499999919925142,1.17996475887246
40,0.626320942258718,0.499989582799045,1.25266798310566
41,0.586928909346543,0.499999925040398,1.17385799467694
42,0.575016097751785,0.499983419628927,1.15007033268932
43,0.586798510034767,0.499826906492482,1.17400344481774
44,0.580120042453204,0.499997685189693,1.16024545640269
45,0.593092391908908,0.49997966136393,1.18623303654187
46,0.612182004436797,0.499989169564868,1.22439053023802
47,0.5972544511583,0.499983419628927,1.19454851443187
48,0.599833975693352,0.499997685189693,1.19967350541989
49,0.628285876650464,0.499983419628927,1.25661342353464
50,0.589763589060094,0.499974410184386,1.17958754897594
51,0.617572171473197,0.499977924213265,1.23519887892045
52,0.582598342287167,0.499772638063769,1.16572676836468
53,0.586984997884634,0.499968004711986,1.17404512359301
54,0.610760414187722,0.499986780957194,1.22155312390151
55,0.608668152095717,0.499983419628927,1.21737667330539
56,0.591885732974268,0.499989169564868,1.18379710802411
57,0.558582259238085,0.49996039264094,1.11725302135933
58,0.614744229359454,0.499991528406893,1.22950929052377
59,0.585029794631712,0.499968004711986,1.17013446684199
60,0.543338343080429,0.499989169564868,1.08670022503345
61,0.60063923085024,0.499974410184386,1.20133994583589
62,0.578112759143714,0.499826906492482,1.15662592716467
63,0.610855310457293,0.49997966136393,1.22176031879156
64,0.555456671129906,0.499983419628927,1.11095018219234
65,0.584392609053037,0.49995852076115,1.1688821867929
66,0.600354061639208,0.49995852076115,1.20080774046058
67,0.613677985811548,0.499962221302726,1.2274487144499
68,0.580468055468175,0.49995852076115,1.16103242841917
69,0.56404398114589,0.499986780957194,1.12811778756643
70,0.540397408973163,0.49993280775059,1.08094007953717
71,0.534239996690182,0.499891528806929,1.06871184227752
72,0.601509600182177,0.499956605663356,1.20312361786695
73,0.58196451553563,0.499978405040569,1.16397930324292
74,0.572630489921467,0.499989169564868,1.1452857877298
75,0.586648727087716,0.499891528806929,1.17355204735685
76,0.585437046438663,0.499978405040569,1.1709246650186
77,0.634339031372152,0.499983419628927,1.26872013444554
78,0.593778189871409,0.499999919925142,1.18755656992967
79,0.545858699487662,0.499519936520532,1.0927665936417
80,0.550865904667664,0.499982747034393,1.10176982692919
81,0.588529158540288,0.499999921991503,1.17705850072171
82,0.599596833037456,0.499980275407729,1.19924097515345
83,0.58598825937759,0.499997685189693,1.17198194458695
84,0.537959260515511,0.499976847757594,1.07596834319083
85,0.563071381288313,0.499989169564868,1.12616715633729
86,0.583658019196945,0.499973358528286,1.1673782397426
87,0.597170189275095,0.499978405040569,1.19439196424222
88,0.57645817661846,0.499976449966121,1.15297065823305
89,0.592934912836897,0.499973358528286,1.18593301567558
90,0.558469722002631,0.499978405040569,1.11698768661282
91,0.59757627797275,0.499989169564868,1.19517844455073
92,0.537471109185703,0.499989169564868,1.07496550305971
93,0.606019613749696,0.499983419628927,1.21207942095253
94,0.574540943954658,0.499989169564868,1.14910677856217
95,0.574227017279439,0.499980275407729,1.14849934192136
96,0.587407550761942,0.499978405040569,1.17486584388436
97,0.621844840650037,0.499999919925142,1.24368988047665
98,0.584690938894193,0.499989169564868,1.16940720816621
99,0.597799213713041,0.499977924213265,1.19565121730865
100,0.576086967522752,0.499997583451811,1.15217950364009
101,0.580942863922709,0.499944262385377,1.16201526376333
102,0.581005526507266,0.499983419628927,1.16204958744126
103,0.563344950749359,0.49975178861828,1.12724949380752
104,0.538515649148337,0.499855585689699,1.07734246563494
105,0.538257425207684,0.499590116656764,1.0773980654575
106,0.593854471263393,0.499990774276361,1.18773085788009
107,0.602011991594156,0.499984724701221,1.20406076796427
108,0.582183795545331,0.499968004711986,1.16444210441167
109,0.55445152928642,0.499938668777059,1.10903909602094
110,0.557406566022665,0.499989169564868,1.11483728039103
111,0.546811930526644,0.499973358528286,1.09368213565665
112,0.560910490049118,0.499947842891949,1.1219380141827
113,0.560272100900216,0.499974410184386,1.12060155377471
114,0.58164184417048,0.499965748972287,1.16336338112377
115,0.604404061775977,0.499999921991503,1.20880831214659
116,0.583842529590048,0.499978405040569,1.16773549358132
117,0.583071037655336,0.499974410184386,1.16620176108674
118,0.619627937805509,0.499997977275871,1.23926088897682
119,0.597951793593177,0.49995852076115,1.19600280575844
120,0.553433120816568,0.499974410184386,1.10692289353862
121,0.617264084848966,0.499978405040569,1.23458149117236
122,0.538691307715523,0.49978602964245,1.07784386870699
123,0.592984378889378,0.499974410184386,1.18602945832906
124,0.570773150263007,0.499978405040569,1.14159560594761
125,0.561312359982384,0.499974410184386,1.12268217842465
126,0.594195086766472,0.499974410184386,1.18845099801675
127,0.589595563646982,0.499982747034393,1.17923181778595
128,0.59815876151256,0.499997583451811,1.19632330497095
129,0.591016725352113,0.499982747034393,1.18207423927662
130,0.608618338991025,0.499978405040569,1.2172892526061
131,0.583401357846047,0.499976449966121,1.16685767476764
132,0.603974600907054,0.499999919925142,1.20794939526686
133,0.589499709707067,0.499944262385377,1.17913086329743
134,0.575113540780515,0.499974410184386,1.1502859527719
135,0.59756478763824,0.499956605663356,1.19523330798955
136,0.577626704829872,0.499973358528286,1.15531496824184
137,0.599325583526406,0.499976449966121,1.19870762626323
138,0.595515267390906,0.499997609091398,1.19103623009935
139,0.576109093383373,0.499974410184386,1.15227715988686
140,0.586146033073563,0.499999925040398,1.17229224189624
141,0.601266190071093,0.499944262385377,1.20266644766014
142,0.591095240358445,0.49993280775059,1.18234937014443
143,0.58080682458511,0.499965748972287,1.16169322754408
144,0.595998518788005,0.499974410184386,1.19205804666724
145,0.644619935089269,0.499974410184386,1.28930585637681
146,0.590426539133812,0.499965748972287,1.18093397467221
147,0.562810001395047,0.499590116656764,1.12654350562687
148,0.540832350873546,0.499855585689699,1.08197720773152
149,0.578513096690455,0.499990774276361,1.15704754258264
150,0.554059264550207,0.499989169564868,1.10814253243204
151,0.588084441051045,0.49995852076115,1.17626646337726
152,0.566607251784156,0.499826906492482,1.13360694357233
153,0.570872084077586,0.499891528806929,1.14199191460608
154,0.606067186686507,0.49997966136393,1.21218368169852
155,0.573162488477183,0.499983419628927,1.14636299120192
156,0.590058648404312,0.499976449966121,1.18017288303138
157,0.586803306364698,0.499988748293156,1.17363302347884
158,0.540204911250373,0.49965119391991,1.08116405569315
159,0.600026958947314,0.499973358528286,1.20011786370687
160,0.588910964695729,0.499988748293156,1.17784843500205
161,0.546260474822132,0.499966433761558,1.09259429820573
162,0.599435322973967,0.499988748293156,1.19889762523717
163,0.602778000787791,0.499989169564868,1.20558211553338
164,0.607926305771119,0.499988748293156,1.21587997299227
165,0.574191488023108,0.499964883261648,1.14846363664029
166,0.583984222630403,0.499999919925142,1.16796863231065
167,0.618179187159273,0.499997609091398,1.23636428638656
168,0.581969022085513,0.499956605663356,1.16403906957753
169,0.576071768174594,0.499982747034393,1.15218329350666
170,0.575059800686035,0.499973358528286,1.15018088639517
171,0.61132562432926,0.499968004711986,1.22272949182303
172,0.601576021644204,0.499968004711986,1.20322903860768
173,0.569876220324472,0.499983419628927,1.13979023693909
174,0.558629607075352,0.499841570563759,1.11761333985344
175,0.601191095153168,0.499974410184386,1.20244373093306
176,0.569132882359217,0.499985976284482,1.13829769104442
177,0.566901251165959,0.499990774276361,1.13382342301503
178,0.586346870307102,0.499999919925142,1.1726939284208
179,0.579300313110618,0.499968004711986,1.15867477048723
180,0.617771283703386,0.499990774276361,1.23556536537597
181,0.587680415860867,0.49995852076115,1.17545834595672
182,0.558749958114388,0.499997609091398,1.11750525993465
183,0.591081570262515,0.49995852076115,1.18226121911601
184,0.603671518331195,0.499990774276361,1.20736531429983
185,0.603233580612307,0.499968004711986,1.20654436869377
186,0.56920216401015,0.49997966136393,1.13845063708668
187,0.57528358952511,0.499973358528286,1.15062848792285
188,0.596508100848243,0.49993280775059,1.19317654612864
189,0.566926994575728,0.499989169564868,1.13387854994762
190,0.601882464186947,0.499974410184386,1.20382653977226
191,0.611583308031005,0.49997966136393,1.22321637316731
192,0.586369343219933,0.499973358528286,1.17280117673862
193,0.55510361816461,0.49993280775059,1.1103564510244
194,0.60279850422207,0.499973358528286,1.2056612496243
195,0.564380347681349,0.49995852076115,1.12885434340057
196,0.584207917440553,0.499978405040569,1.16846630084583
197,0.595895297254492,0.499989169564868,1.19181641028963
198,0.591623583753443,0.499997685189693,1.18325264551772
199,0.592605426939184,0.499973358528286,1.18527400876632
200,0.568763678644014,0.499989169564868,1.13755199765427
201,0.556750717697132,0.499974410184386,1.1135584269039
202,0.592411739323101,0.499989169564868,1.18484914350978
203,0.596301416725249,0.499989169564868,1.19262866682532
204,0.619013021125393,0.499990774276361,1.23804888604453
205,0.564295641297777,0.499974410184386,1.12864904643754
206,0.599243856150107,0.499997609091398,1.19849344327678
207,0.582768932980286,0.499978405040569,1.16558820762069
208,0.556441478791178,0.49993280775059,1.11303253190133
209,0.581770580025111,0.499983419628927,1.16357974521812
210,0.60905444941449,0.499997609091398,1.21811472363092
211,0.55839760609198,0.499997609091398,1.11680055252006
212,0.585827652419176,0.49999999992382,1.17165530501687
213,0.608310253221602,0.499997609091398,1.21662632412789
214,0.591352939446741,0.499983419628927,1.18274509959875
215,0.57735695066365,0.49997966136393,1.15476087384962
216,0.605505701230104,0.499956605663356,1.21111651365563
217,0.583134363571212,0.499973358528286,1.16633087268433
218,0.564556841681278,0.499718799775745,1.12974905473764
219,0.570575817743908,0.499973358528286,1.14121244264584
220,0.598349568424335,0.499973358528286,1.19676290389878
221,0.600512960263035,0.499973358528286,1.20108991813223
222,0.597810493764685,0.49995852076115,1.19572018265548
223,0.604375548786993,0.499999919925142,1.20875129115516
224,0.614876904171191,0.499973358528286,1.22981933673653
225,0.561055973879791,0.499772638063769,1.12262243097871
226,0.584719371531187,0.499988606083132,1.1694653926453
227,0.600502611952547,0.499976449966121,1.20106179399697
228,0.600832458579404,0.499977924213265,1.20171797489827
229,0.593496564696003,0.499978405040569,1.18704439774323
230,0.56521224721606,0.49995852076115,1.13051828050768
231,0.570287976401817,0.499974410184386,1.14063433004801
232,0.593912110993793,0.499985976284482,1.18785753833997
233,0.614893507969549,0.499983419628927,1.22982779794159
234,0.585422379636139,0.499962221302726,1.17093323193647
235,0.642545405712582,0.499983419628927,1.28513342740337
236,0.565111159284314,0.49993280775059,1.13037422334211
237,0.557296329931424,0.49993280775059,1.11474246397018
238,0.614400594331184,0.499999999951245,1.22880118878219
239,0.634700509329037,0.499978405040569,1.26945584635308
240,0.509741016989488,0.499891528806929,1.01970325083537
241,0.587454854149172,0.499891528806929,1.17516465132191
242,0.568182868819051,0.499969103769833,1.13643596081213
243,0.591084609961185,0.499944262385377,1.1823010171993
244,0.565222369002322,0.499982747034393,1.13048374639904
245,0.553911399793205,0.499718799775745,1.10844619022094
246,0.603810886292703,0.499997685189693,1.20762736344194
247,0.597283697572891,0.499891528806929,1.19482660368021
248,0.613636079684555,0.499974410184386,1.22733497392047
249,0.569669290016658,0.499984724701221,1.13937338857118
250,0.585752836596194,0.499985976284482,1.17153853183857
251,0.597392820703596,0.499984724701221,1.19482214393766
252,0.559130959040317,0.499973358528286,1.11832150554215
253,0.58725407162337,0.499964883261648,1.17459063883101
254,0.564624311708277,0.499989169564868,1.12927308445433
255,0.610083377327472,0.499976847757594,1.22022325646419
256,0.617297099258984,0.499965748972287,1.23467877655195
257,0.594838035178443,0.499988748293156,1.18970284273212
258,0.623593834483563,0.499968004711986,1.24726748233178
259,0.632664273659045,0.49993280775059,1.26549861071465
260,0.586394805910624,0.499999999951245,1.17278961193561
261,0.580920556842707,0.499965748972287,1.16192070764213
262,0.574767146772654,0.499997685189693,1.14953961547761
263,0.595045060369988,0.49995852076115,1.19018885699573
264,0.571930485613233,0.49995852076115,1.14395587206417
265,0.5745311991389,0.499989169564868,1.14908728850848
266,0.585068157292952,0.49993280775059,1.17029358390265
267,0.554160583280221,0.499962221302726,1.1084049147479
268,0.583840607980765,0.499964883261648,1.16776323203328
269,0.620636648474064,0.499982747034393,1.24131612971711
270,0.575765188577571,0.499973358528286,1.15159173735254
271,0.571666919120081,0.499985976284482,1.14336590671658
272,0.579563198036539,0.49995852076115,1.15922256341226
273,0.565180749236143,0.499989169564868,1.13038598361643
274,0.573352799600086,0.499997977275871,1.14671023815711
275,0.564929264604915,0.499989169564868,1.12988300345898
276,0.570220492697885,0.499855585689699,1.14077047255778
277,0.601713781426176,0.499997583451811,1.20343337916186
278,0.576127466635119,0.499826906492482,1.15265396710648
279,0.573531104084206,0.499978405040569,1.1471117518319
280,0.60841431588658,0.499988748293156,1.21685601518747
281,0.585183828255999,0.499956605663356,1.17046923998446
282,0.551830753407608,0.499772638063769,1.10416359636159
283,0.596378161423386,0.499976449966121,1.19281250439655
284,0.575647652422595,0.499973358528286,1.15135665251657
285,0.583444915462869,0.499973358528286,1.16695200956365
286,0.612956761739596,0.499980275407729,1.2259618866759
287,0.551196087234223,0.499974410184386,1.10244859738111
288,0.578765960982442,0.49995852076115,1.15762795701794
289,0.572359122446858,0.49993280775059,1.14487209795681
290,0.556673617398702,0.499956605663356,1.11344386911358
291,0.588630502914555,0.499983419628927,1.17730004597236
292,0.63429537288794,0.499978405040569,1.26864553847375
293,0.544926747023215,0.499776698213712,1.09034044398404
294,0.581512161188143,0.49995852076115,1.16312081310832
295,0.612236700207069,0.499973358528286,1.22453864743761
296,0.584505725848585,0.499962221302726,1.16909978583095
297,0.630497007828677,0.499855585689699,1.26135833204448
298,0.582256829235268,0.499989169564868,1.16453888339621
299,0.554084360015209,0.499855585689699,1.10848888334555
300,0.58939634114651,0.499962221302726,1.17888175552695
301,0.583033281623124,0.499999920444265,1.16606674878084
302,0.567786342008157,0.499983419628927,1.13561034169803
303,0.590584839391759,0.499999919925142,1.18116986794754
304,0.601601391217767,0.49993280775059,1.20336449597022
305,0.619218412778086,0.499989987995686,1.23846162452243
306,0.553833834479005,0.499976449966121,1.10771984263765
307,0.598761769002049,0.499989169564868,1.19754947796797
308,0.557026174575126,0.49995852076115,1.11414477690488
309,0.591456113110983,0.499855585689699,1.18325398383794
310,0.573502016663977,0.499956605663356,1.14710358892656
311,0.624659341756501,0.499826906492482,1.24975133119589
312,0.568560222277538,0.499973358528286,1.13718103690793
313,0.591020684824621,0.499997609091398,1.18204702198203
314,0.555770924341934,0.49993280775059,1.11169124275437
315,0.610153034638204,0.499974410184386,1.2203685272876
316,0.57718786842242,0.499988606083132,1.15440204316666
317,0.515917370116992,0.499826906492482,1.03219207172624
318,0.570684720334045,0.499978405040569,1.14141873845079
319,0.605805998840196,0.499988606083132,1.21163960832233
320,0.566949099066139,0.499988748293156,1.13392371528673
321,0.543382823890322,0.499973358528286,1.08682355693874
322,0.567635353097415,0.499980639316286,1.1353146671312
323,0.547191273409213,0.499968004711986,1.09445258146955
324,0.609095764868879,0.499974410184386,1.21825387952205
325,0.560679464972003,0.499983419628927,1.12139611627146
326,0.573416477697023,0.49993280775059,1.14698709267965
327,0.594148417647075,0.499965748972287,1.18837824164633
328,0.591666462652395,0.499978405040569,1.18338403556527
329,0.561058616377491,0.499968004711986,1.12218904227821
330,0.60447269947125,0.49995852076115,1.2090456995332
331,0.618856288586051,0.499976449966121,1.23777087626424
332,0.578600054069481,0.499968004711986,1.15727416277926
333,0.613243172132426,0.499983419628927,1.22652701681099
334,0.588844753801504,0.499980275407729,1.17773596832656
335,0.557164130393157,0.499978405040569,1.11437639061221
336,0.586854465792619,0.499965748972287,1.17378933856757
337,0.597087243796826,0.499999921991503,1.1941746739052
338,0.601947352692578,0.499985976284482,1.20392847248596
339,0.621435009601208,0.499974410184386,1.24293363208735
340,0.636130133637326,0.499978405040569,1.2723152184657
341,0.580776111319304,0.499962221302726,1.16163999312989
342,0.60987191038052,0.499973003270292,1.21980968250563
343,0.611576924891747,0.499999919925142,1.22315404567127
344,0.632472859833305,0.4999629406664,1.26503948270703
345,0.617512577650795,0.499978405040569,1.23507849824172
346,0.578649269378164,0.499973358528286,1.15736020631473
347,0.5874290799663,0.49973002467983,1.17549286805942
348,0.613299866444736,0.499990774276361,1.22662236584738
349,0.579474771526811,0.499980275407729,1.15899526447169
350,0.602887327362895,0.499999919925142,1.20577484783029
351,0.592237802909904,0.499915724838544,1.18467528322134
352,0.593936324296527,0.49993280775059,1.1880323017185
353,0.548606547763958,0.499891528806929,1.09745117920541
354,0.606969776026522,0.499983419628927,1.21397980852444
355,0.550102269276955,0.499826906492482,1.10058554697921
356,0.567551305600158,0.499999921991503,1.13510278829564
357,0.576649730632777,0.499772638063769,1.15382413264329
358,0.595612623514115,0.49997966136393,1.19127370479291
359,0.600872396937461,0.499997685189693,1.20175035752315
360,0.599516349407378,0.49995852076115,1.19913217699472
361,0.578565898205313,0.499974410184386,1.15719102102034
362,0.573206805163863,0.499974410184386,1.14647228635655
363,0.57862915915575,0.499983419628927,1.15729669512879
364,0.590982103047495,0.499973358528286,1.18202718798278
365,0.601652312154144,0.499983419628927,1.2033445281059
366,0.579299652913597,0.499982747034393,1.15863928575469
367,0.589489714717384,0.499968004711986,1.17905487783557
368,0.599319100659502,0.499999925040398,1.19863838101791
369,0.586794924968338,0.499974410184386,1.17364991690661
370,0.563434510735026,0.499965748972287,1.12694621960245
371,0.560292448759365,0.499965748972287,1.12066166514623
372,0.597411448688245,0.499997685189693,1.19482842897881
373,0.572679268138123,0.49997966136393,1.14540512823236
374,0.627635665786328,0.499988748293156,1.25529958009841
375,0.593573338457625,0.499989169564868,1.18717239210242
376,0.60068790705976,0.49995852076115,1.20147548669689
377,0.574880605491563,0.499974410184386,1.14982005834969
378,0.56823165786328,0.499969753984701,1.13653206685913
379,0.590373578624593,0.499975440663665,1.18080515683117
380,0.590137461738776,0.499973003270292,1.18033865404477
381,0.580645930838478,0.499978405040569,1.16134201994457
382,0.59017406805369,0.499974410184386,1.18040854898161
383,0.612331971167654,0.499982747034393,1.22470620196327
384,0.573133390799253,0.499772638063769,1.14678825359407
385,0.589942953506629,0.499990774276361,1.17990767801757
386,0.620145484970417,0.499989169564868,1.24031783630457
387,0.594161957812128,0.49995852076115,1.18842250534617
388,0.599379325330503,0.499989169564868,1.19878461737908
389,0.551241280954322,0.499480592494171,1.10362902831055
390,0.585305895750303,0.499988748293156,1.17063813485483
391,0.573672574874377,0.499973358528286,1.14740628693303
392,0.573456072422103,0.499983419628927,1.14695017856333
393,0.563905215539368,0.49997966136393,1.12785630919676
394,0.56029808707557,0.499974410184386,1.12065352878548
395,0.567044128970756,0.499976449966121,1.1341416760913
396,0.59070997479341,0.499978405040569,1.18147097722246
397,0.584211788012988,0.499985976284482,1.16845634822482
398,0.564631751960589,0.499974410184386,1.12932130216896
399,0.627843194887425,0.49999999992382,1.25568638996617
400,0.588476398056234,0.499976449966121,1.17700823328001
401,0.603395692175973,0.499956605663356,1.2068961292658
402,0.598331032758993,0.499980275407729,1.19670927472301
403,0.594985165655029,0.499976449966121,1.19002638163327
404,0.58930532456733,0.499977924213265,1.17866268894697
405,0.585796783321799,0.499980639316286,1.17163893410526
406,0.591541958099344,0.499990774276361,1.18310574621199
407,0.56689417762645,0.499988748293156,1.13381386993546
408,0.589951347725116,0.499974410184386,1.17996308552581
409,0.559978345993616,0.499974410184386,1.12001401389143
410,0.561148214544599,0.499962221302726,1.12238123329087
411,0.598970178128394,0.499965748972287,1.19802242325523
412,0.580952827569417,0.499983419628927,1.16194418607038
413,0.563392712313891,0.499983419628927,1.12682279090779
414,0.591094371873111,0.499977762761007,1.18224132331193
415,0.595880700546257,0.499997685189693,1.19176691852121
416,0.612263925854603,0.499973358528286,1.22459310163416
417,0.593734575837233,0.499997685189693,1.18747464923158
418,0.577501412143476,0.499989987995686,1.15502595253659
419,0.569020536600844,0.499978405040569,1.13809022722626
420,0.546664397435301,0.499792573016297,1.09378255490298
421,0.599114942780265,0.499968004711986,1.19830656588794
422,0.599987976265048,0.499982519864602,1.20001790548103
423,0.563273859753979,0.499997583451811,1.12655316424798
424,0.563928778047973,0.499955957693424,1.12795691174417
425,0.623651114054691,0.499997833694182,1.24730763220894
426,0.594364316604619,0.499841570563759,1.18910541180928
427,0.545668212274228,0.499974410184386,1.09139228160295
428,0.557803537333928,0.49995852076115,1.11569963141085
429,0.579921011857218,0.49999999992382,1.15984202389115
430,0.565872691846359,0.499997609091398,1.13175079551814
431,0.567597897786798,0.499965748972287,1.13527356414621
432,0.58920539746539,0.499999921991503,1.17841097878292
433,0.61243268554813,0.499983419628927,1.22490598988794
434,0.606442889225038,0.499976449966121,1.21294290814323
435,0.571077909972947,0.499983419628927,1.14219369593652
436,0.575591211133572,0.499965748972287,1.15126128603157
437,0.573545454607622,0.499891528806929,1.14733981585261
438,0.575760709381556,0.499999919925142,1.15152160317897
439,0.565910059795557,0.499973358528286,1.13188042951201
440,0.558203023491502,0.499964883261648,1.11648446156843
441,0.601698124755525,0.499974410184386,1.2034578420396
442,0.592291508812049,0.49995852076115,1.18468129698106
443,0.581517878146721,0.499978405040569,1.16308598988297
444,0.580410217422226,0.499978405040569,1.1608705727503
445,0.614681019697521,0.499976449966121,1.22941994515776
446,0.602557545701476,0.499989169564868,1.20514119581004
447,0.569718678281575,0.499988748293156,1.13946299837039
448,0.564936903172775,0.499973358528286,1.12993401255562
449,0.57135438749217,0.49995852076115,1.14280358022967
450,0.600394237634,0.499826906492482,1.20120431660481
451,0.604580408748861,0.499977924213265,1.20921420620759
452,0.605931648836503,0.499974410184386,1.21192532356414
453,0.560399964850279,0.499973358528286,1.12085965240201
454,0.619368553035049,0.499974410184386,1.23880050742323
455,0.587014016635255,0.499988748293156,1.17405445350357
456,0.638115768069282,0.499978405040569,1.2762866588558
457,0.549896007429311,0.499975440663665,1.09984603783614
458,0.595991206756953,0.499989169564868,1.1920082334496
459,0.613237595362425,0.499973358528286,1.22654054441529
460,0.569680349527736,0.499772638063769,1.1398790292618
461,0.548221983141811,0.49993280775059,1.09659133116007
462,0.596151276468287,0.499965748972287,1.19238423370744
463,0.622100208675827,0.499982747034393,1.24424335112714
464,0.596921754600237,0.499974410184386,1.19390461279828
465,0.612207522177149,0.499999921991503,1.22441523538388
466,0.570695425954445,0.499983419628927,1.14142870253177
467,0.595320626663457,0.499772638063769,1.19118291263376
468,0.599130152101187,0.499974410184386,1.19832163386169
469,0.578170074616795,0.499986780957194,1.15637072146172
470,0.558435967898411,0.499986780957194,1.11690146453336
471,0.585547550939742,0.499983419628927,1.17113393755001
472,0.615195007440252,0.499997833694182,1.23039534570569
473,0.604743037186673,0.499670458577706,1.21028375163113
474,0.612948883825384,0.499973358528286,1.22596309057277
475,0.537223361776798,0.49973002467983,1.07502718517061
476,0.5939581603771,0.499999920444265,1.18791650976534
477,0.558277229408691,0.49995852076115,1.11664709416044
478,0.614989544838462,0.499988748293156,1.23000676902809
479,0.564549441889897,0.49997966136393,1.12914481431069
480,0.611560319383772,0.499997833694182,1.22312593809721
481,0.586018972643396,0.499974410184386,1.17209793282676
482,0.620594114062898,0.499976449966121,1.24124669092904
483,0.614523563990273,0.499976449966121,1.22910501891022
484,0.573835135497389,0.499965748972287,1.14774889415314
485,0.574719923737414,0.499976449966121,1.14949398871958
486,0.608597910352482,0.49999999992382,1.21719582089042
487,0.583558386149095,0.499973003270292,1.16717979237294
488,0.573996408778951,0.499997685189693,1.14799813235372
489,0.583515566659326,0.49999999992382,1.16703113349646
490,0.597928000856176,0.499969753984701,1.19592834584644
491,0.592432475265264,0.499965748972287,1.18494612177544
492,0.577037998284912,0.499978405040569,1.15412584317135
493,0.558616482347181,0.499891528806929,1.11747539247246
494,0.594564150293097,0.499974410184386,1.18918916284901
495,0.552323337602816,0.499997609091398,1.10465195744937
496,0.603061886076607,0.499974410184386,1.20618550428252
497,0.587361385979501,0.499976449966121,1.1747781040873
498,0.591515518875537,0.499974410184386,1.18309158794225
499,0.576723406568758,0.499983419628927,1.15348506355828
500,0.618345654541608,0.49997966136393,1.23674161635851
501,0.600330723660276,0.499999919925142,1.20066163960617
502,0.584236433848772,0.499909961717735,1.16868332017486
503,0.553051176182166,0.499999920444265,1.10610252835793
504,0.591229163190446,0.499999928028518,1.18245849658747
505,0.599218705122559,0.49995852076115,1.19853683903675
506,0.612127944643976,0.499965748972287,1.22433975907799
507,0.621042003318708,0.499997941841961,1.24208911946883
508,0.610036442191701,0.499965748972287,1.22015646760937
509,0.536346942111008,0.49993280775059,1.07283805702662
510,0.569938146064189,0.499974410184386,1.13993463356255
511,0.612272217496082,0.499973358528286,1.22460968580077
512,0.606907333982532,0.499991280602287,1.21383583579988
513,0.579759783453098,0.499891528806929,1.15977117043129
514,0.594881044521157,0.499999999951245,1.18976208915833
515,0.55646798981889,0.499944262385377,1.11306005826294
516,0.595879556812618,0.499978405040569,1.19181058782782
517,0.562408740655235,0.499965748972287,1.12489453889852
518,0.617640349281551,0.499983419628927,1.23532166274623
519,0.574830991842164,0.49997966136393,1.14970875070006
520,0.580998987223008,0.499983419628927,1.16203650843904
521,0.590079810041058,0.499978405040569,1.18021059328188
522,0.603060620960176,0.499997685189693,1.20612682582997
523,0.585054541904759,0.499988606083132,1.17013574866841
524,0.602298029290523,0.499974410184386,1.20465771251853
525,0.556769689314758,0.49995852076115,1.11363176382536
526,0.595458536321835,0.499944262385377,1.19104984519821
527,0.587102599574921,0.499964883261648,1.1742876734558
528,0.5666511983388,0.499988748293156,1.13332790042419
529,0.568937638991846,0.499965748972287,1.13795323011893
530,0.581347930269518,0.49973002467983,1.16332399807672
531,0.598965367266719,0.499973003270292,1.19799541845044
532,0.592408994533329,0.499982747034393,1.18485887372545
533,0.550791631220612,0.499989169564868,1.10160712421022
534,0.621612125901652,0.499974410184386,1.24328788281866
535,0.627550739716997,0.499956605663356,1.25521041748082
536,0.572713595248907,0.499997609091398,1.14543266774745
537,0.605729319107498,0.499965748972287,1.21154163130697
538,0.594733065561753,0.499983419628927,1.18950557601119
539,0.541856895158092,0.499590116656764,1.08460291165121
540,0.611990154088902,0.49997966136393,1.22403009838322
541,0.584018674828149,0.499989169564868,1.16806265090984
542,0.607516723471534,0.499965748972287,1.21511668493357
543,0.587202560869196,0.499962221302726,1.17449386343463
544,0.587314910046803,0.499983419628927,1.17466877298189
545,0.568927297519825,0.499983419628927,1.13789232839374
546,0.567717290585619,0.499976449966121,1.13548806273593
547,0.594195425270598,0.499989169564868,1.18841659267883
548,0.538386756008961,0.49973002467983,1.07735523066459
549,0.605070820306053,0.499968004711986,1.21021908322836
550,0.571742290568523,0.49999999992382,1.14348458131127
551,0.588935054051245,0.49993280775059,1.17802841686088
552,0.534085756772134,0.499973358528286,1.06822843189937
553,0.578701860610155,0.499983419628927,1.15744210285943
554,0.605847456477715,0.499968004711986,1.21177245497284
555,0.580641314873119,0.499973358528286,1.16134450960004
556,0.571222544693942,0.499968004711986,1.14251819978561
557,0.589013183538989,0.49993280775059,1.17818469683798
558,0.53179847071358,0.49995852076115,1.06368518313071
559,0.60682988150304,0.499974410184386,1.21372188084436
560,0.594797436053493,0.499999923523548,1.18959505405901
561,0.60151734987513,0.499997685189693,1.20304026937029
562,0.566219067903244,0.499976449966121,1.13249147623175
563,0.594011467083722,0.499997977275871,1.1880277402722
564,0.581505199628534,0.499974410184386,1.16306992474691
565,0.567763428014191,0.499974410184386,1.13558497484862
566,0.558017890797885,0.499983419628927,1.11607279139782
567,0.580400953008789,0.49995852076115,1.16089821236604
568,0.597596909628288,0.499978405040569,1.19524544181023
569,0.586145097913173,0.499999921991503,1.17229037872357
570,0.558032187468372,0.499999920444265,1.11606455251542
571,0.555865985874462,0.49995852076115,1.11182420699261
572,0.592040471245613,0.499997609091398,1.18408660457692
573,0.614409197464843,0.4998689518703,1.22914054806961
574,0.639600012924703,0.499990774276361,1.27922362937676
575,0.590691329712593,0.499891528806929,1.18163900701092
576,0.60669150340966,0.49973002467983,1.21403852769975
577,0.555473725697227,0.499968004711986,1.1110185461112
578,0.572434260105203,0.49993280775059,1.14502239347089
579,0.580787738423159,0.499976449966121,1.16163018970696
580,0.571468659988676,0.499973003270292,1.14299903444933
581,0.54721105481533,0.49978602964245,1.09489065792177
582,0.596853587904393,0.499988748293156,1.1937340388997
583,0.620951642804975,0.499973358528286,1.2419694613985
584,0.589814549317658,0.499997833694182,1.17963420953222
585,0.616881449529377,0.499988748293156,1.23379066356046
586,0.572436992072849,0.499978405040569,1.14492343329589
587,0.610875518697737,0.499974410184386,1.22181356936338
588,0.613989279676896,0.499999919925142,1.22797875601424
589,0.553398458335955,0.499974410184386,1.10685356502919
590,0.579392225244065,0.499999920444265,1.15878463486406
591,0.581940439857048,0.499997609091398,1.16388644520632
592,0.539364314895002,0.49973002467983,1.07931140467408
593,0.5590713942814,0.499974410184386,1.11820001762734
594,0.575639726639112,0.499985976284482,1.15131174461498
595,0.557281832380963,0.499973003270292,1.11462384715938
596,0.59403569406339,0.49996039264094,1.1881655083226
597,0.582694691161144,0.499990774276361,1.16541088583981
598,0.577782666332038,0.499964883261648,1.15564649773545
599,0.595188883592876,0.499989169564868,1.19040355236266
600,0.639552842887584,0.499980275407729,1.27915614744209
601,0.553670873805662,0.49993280775059,1.10749057717748
602,0.602460748338024,0.499864568581804,1.20524795355531
603,0.596383529620137,0.499983419628927,1.19280661359282
604,0.581625155746091,0.499999920444265,1.16325049657868
605,0.562659413218484,0.499956605663356,1.12541649984189
606,0.571122334365486,0.499976449966121,1.14229847106636
607,0.609153322110269,0.49999999992382,1.21830664440616
608,0.575150624078517,0.499978405040569,1.15035093172044
609,0.56251161342692,0.499974410184386,1.1250808080747
610,0.561793217061155,0.499978405040569,1.12363496382523
611,0.5815206135336,0.499978405040569,1.16309146089303
612,0.617897591902161,0.499999919925142,1.2357953817166
613,0.540598560776193,0.499956605663356,1.08129096536071
614,0.592063257873127,0.499962221302726,1.18421599202119
615,0.603868702113634,0.499983419628927,1.20777745502402
616,0.583190033823059,0.499991280602287,1.16640040826422
617,0.581339669401142,0.499956605663356,1.16278025495794
618,0.59397709780239,0.499982747034393,1.18799518848504
619,0.562966867284499,0.499990774276361,1.12595451005928
620,0.586525896249511,0.499973003270292,1.17311513304335
621,0.567308141673893,0.499973358528286,1.13467674226445
622,0.55644607025203,0.499864568581804,1.11319366329715
623,0.566442223329294,0.499982747034393,1.1329235392403
624,0.558939599922315,0.49997935081256,1.11792536834558
625,0.570904170165683,0.499983419628927,1.14184620479893
626,0.568577147483854,0.499973358528286,1.13721488912431
627,0.568008752896091,0.499826906492482,1.13641091649522
628,0.5792481601104,0.499989169564868,1.15852141480286
629,0.56229726680143,0.499989169564868,1.12461889382682
630,0.57380446668162,0.499976449966121,1.14766298836776
631,0.583703120597737,0.49995852076115,1.16750309547498
632,0.546964320639315,0.499983419628927,1.09396491796719
633,0.572153965011666,0.499973358528286,1.14436890536698
634,0.550112761195255,0.499439699095621,1.10145982025736
635,0.549607199013984,0.499506993997544,1.10029930635303
636,0.562200081924837,0.499956605663356,1.12449775751817
637,0.587287209125798,0.499974410184386,1.17463453561395
638,0.551612083161232,0.499965748972287,1.10329974462272
639,0.598077335883626,0.499985976284482,1.19618822177391
640,0.556807541940319,0.499976449966121,1.11366753769712
641,0.595594712428777,0.499983419628927,1.19122892689284
642,0.589653255520695,0.499976449966121,1.17936205907428
643,0.583837352870378,0.499973003270292,1.16773775594189
644,0.568353502252591,0.499974410184386,1.13676518372808
645,0.557258807689309,0.499643828594379,1.1153120999353
646,0.583070028981424,0.499997685189693,1.16614545677389
647,0.551411707524229,0.49995852076115,1.10291491119052
648,0.609331247486863,0.499990774276361,1.21868498147541
649,0.583175062708744,0.499826906492482,1.16675404051606
650,0.614702211252561,0.499997609091398,1.22941030132045
651,0.576829435293056,0.499826906492482,1.15405839061554
652,0.557734896219422,0.499826906492482,1.11585608732693
653,0.567527540217026,0.499989169564868,1.13507966724746
654,0.569157286569159,0.49997966136393,1.13836087855357
655,0.595303084285476,0.49995852076115,1.1907049476408
656,0.558489568944059,0.499974410184386,1.1170363073944
657,0.609623827886722,0.499983419628927,1.21928808827134
658,0.576698991531242,0.49995852076115,1.15349367514181
659,0.627846698319652,0.499978405040569,1.25574763227765
660,0.559395374643146,0.49997966136393,1.11883626049334
661,0.615535723810722,0.499965748972287,1.23115578432322
662,0.582280281758526,0.499978405040569,1.16461086296573
663,0.557553305281941,0.49997966136393,1.11515197190412
664,0.562778747890333,0.499988606083132,1.12558314538224
665,0.574159270294519,0.49995852076115,1.14841381125059
666,0.584157293407626,0.49997966136393,1.16836211259887
667,0.592313691090024,0.49995852076115,1.18472566521773
668,0.581928710005225,0.499776698213712,1.16437743513281
669,0.584122756298912,0.499983419628927,1.16828425377072
670,0.607782228670137,0.499983419628927,1.21560476769653
671,0.604220190779558,0.499989169564868,1.20846655799645
672,0.600139803913792,0.49995852076115,1.2003791894578
673,0.581621513407499,0.499997685189693,1.16324841221383
674,0.541454904411906,0.499974410184386,1.08296523458515
675,0.559951031446008,0.499989169564868,1.11992632147077
676,0.588993020318454,0.499977924213265,1.17803805287055
677,0.535285789801931,0.49995852076115,1.07066039996078
678,0.583850801855869,0.49997966136393,1.16774910455986
679,0.580995730403005,0.499989169564868,1.1620166310975
680,0.599431788341234,0.499997685189693,1.19886912699169
681,0.594291280065321,0.499978405040569,1.18863389713222
682,0.582969706958004,0.499988606083132,1.16596598375499
683,0.57446930160786,0.499982747034393,1.14897824978017
684,0.535153591973281,0.499909961717735,1.07049995590095
685,0.588910840178639,0.49997966136393,1.17786959287925
686,0.592738756534155,0.499989987995686,1.1855012515556
687,0.562535676283375,0.499974410184386,1.12512893625079
688,0.608572413554936,0.499983419628927,1.2171851898741
689,0.625843111201683,0.499990774276361,1.25170931825186
690,0.571975561369772,0.499976449966121,1.14400500545282
691,0.610648512359846,0.49993280775059,1.22146117016687
692,0.57209084766904,0.499826906492482,1.14457793335631
693,0.623676236018754,0.499988748293156,1.24738054235788
694,0.5825053528102,0.499978405040569,1.16506102451152
695,0.59042269420563,0.499983419628927,1.18088454741924
696,0.549003122444123,0.499956605663356,1.0981015476647
697,0.581279631078372,0.49973002467983,1.1631873258982
698,0.567486552154254,0.499989169564868,1.13499768934621
699,0.618255534371504,0.499973358528286,1.23657695720306
700,0.585163911220283,0.499956605663356,1.17042940245558
701,0.57872167164963,0.499973358528286,1.15750501857368
702,0.585233424239357,0.499955957693424,1.17056995768061
703,0.581088935291688,0.499978405040569,1.1622280671193
704,0.619167745719803,0.499982747034393,1.23837822283338
705,0.585519793173979,0.49999999992382,1.17103958652638
706,0.585175724672369,0.499962221302726,1.1704398847329
707,0.544062164060299,0.499999923523548,1.0881244945524
708,0.574194567042965,0.49993280775059,1.14854348052593
709,0.576371023773248,0.499997685189693,1.15274738432955
710,0.590423573803473,0.499982747034393,1.18088789524343
711,0.571686995150159,0.499989169564868,1.14339875731246
712,0.567373507162611,0.499974410184386,1.13480509323141
713,0.578495594488469,0.499988748293156,1.15701722581422
714,0.578997918370585,0.499974410184386,1.15805510557441
715,0.583924016195314,0.49997966136393,1.16789553919531
716,0.579175019284478,0.499978405040569,1.15840006977398
717,0.628318937220136,0.499973358528286,1.25670483537292
718,0.556695676584268,0.499969753984701,1.1134587085468
719,0.596361236217069,0.499976449966121,1.19277865238949
720,0.567359141252643,0.49995852076115,1.13481242481652
721,0.584620606968672,0.49973002467983,1.16987288755209
722,0.580497572002221,0.499955957693424,1.16109741882141
723,0.608853790835907,0.499976449966121,1.21776493848293
724,0.614004722075575,0.499968004711986,1.22808803021162
725,0.584686497309747,0.499974410184386,1.16943284576129
726,0.564163616140424,0.499974410184386,1.12838498260814
727,0.576710606667779,0.499973358528286,1.15348267428764
728,0.596938021604085,0.499990774276361,1.19389807235551
729,0.572697215410349,0.499988748293156,1.14542020668546
730,0.611468627505956,0.499974410184386,1.22299984769311
731,0.562750392186094,0.49993280775059,1.12565205455938
732,0.620816261669844,0.499983419628927,1.24167369816102
733,0.553807436286001,0.49995852076115,1.10770676623907
734,0.540021951479708,0.499983419628927,1.08007971920448
735,0.593349108537416,0.499990774276361,1.18672011377844
736,0.577583451524841,0.499978405040569,1.1552167967694
737,0.584403901071998,0.499965748972287,1.16888787336588
738,0.618992900645278,0.499999919925142,1.23798599955366
739,0.604731654700489,0.49999999992382,1.20946330958525
740,0.56708047884315,0.499974410184386,1.13421900659679
741,0.603755050208026,0.499974410184386,1.20757190350075
742,0.521189209445838,0.499891528806929,1.04260460402227
743,0.6053957438064,0.499997685189693,1.21079709314398
744,0.556491975172717,0.49997966136393,1.11302922533813
745,0.610212799422286,0.499997583451811,1.22043149730762
746,0.599294685621986,0.499990774276361,1.19861148736064
747,0.570841011792253,0.499891528806929,1.1419297565507
748,0.582095140516824,0.49995852076115,1.16428686849987
749,0.62953372082368,0.499974410184386,1.25913188355283
750,0.600826053500064,0.499988748293156,1.20167914888314
751,0.579030631888046,0.499997685189693,1.15806662518521
752,0.587461159215929,0.499989169564868,1.17494776882304
753,0.592512693904737,0.499977924213265,1.18507771085509
754,0.60736017899004,0.499997685189693,1.21472598170053
755,0.605583900812136,0.49993280775059,1.21133058567793
756,0.589913862667166,0.499977924213265,1.17987981888484
757,0.603457561498336,0.499973358528286,1.20697943441359
758,0.624000081035836,0.499983419628927,1.24804154805563
759,0.618501944860071,0.499989169564868,1.23703068488132
760,0.552522414215988,0.499864568581804,1.10534422510398
761,0.597943094208092,0.499997609091398,1.19589190695268
762,0.579153464435868,0.499718799775745,1.15895872778004
763,0.531281016437852,0.49978602964245,1.06301694110564
764,0.582508833590004,0.499965748972287,1.16509747875207
765,0.596153842603104,0.499983419628927,1.19234722432506
766,0.589826755981607,0.499989169564868,1.17967906483839
767,0.609069864174364,0.499974410184386,1.21820207548171
768,0.618324541344005,0.499985976284482,1.23668376849072
769,0.535314274582238,0.499997609091398,1.07063366873897
770,0.578769465696881,0.49995852076115,1.15763496702836
771,0.594488651905608,0.499984724701221,1.18901362888808
772,0.618641436768797,0.499999920444265,1.23728307040352
773,0.597355501478477,0.499997685189693,1.19471653404125
774,0.573401867311853,0.499826906492482,1.14720088067223
775,0.608257278180639,0.49995852076115,1.21661548492986
776,0.591730174941668,0.499997583451811,1.18346606968891
777,0.56651507950402,0.499772638063769,1.13354560925709
778,0.587678839594178,0.499944262385377,1.17548871706257
779,0.591659333550341,0.499997977275871,1.18332345417449
780,0.599884119608895,0.499999920444265,1.19976843011471
781,0.610612081280653,0.499997609091398,1.22123000225994
782,0.568406002020083,0.499997609091398,1.13681744009336
783,0.553351464389366,0.499955957693424,1.10680042086564
784,0.627385968559463,0.499989169564868,1.25479911715981
785,0.572432437653695,0.499956605663356,1.1449642452352
786,0.586414070214646,0.499983419628927,1.17286703357056
787,0.646060357337265,0.499973358528286,1.29218956633809
788,0.598822362950279,0.499978405040569,1.19769645431324
789,0.558713993760583,0.49995852076115,1.11752069533685
790,0.596146051879348,0.499999919925142,1.19229229470397
791,0.568713809121968,0.499983419628927,1.13746533743869
792,0.570340755691656,0.49995852076115,1.14077614843598
793,0.602972681691235,0.49995852076115,1.20604541507414
794,0.541106612729396,0.499974410184386,1.08226861556743
795,0.604445569562256,0.499983419628927,1.20893122818124
796,0.563573398294213,0.499978405040569,1.12719548006975
797,0.604364567918288,0.499989169564868,1.20875531852871
798,0.574168350069342,0.499772638063769,1.14885911380383
799,0.569835383990191,0.49999999992382,1.13967076815402
800,0.559771742222611,0.499819331102341,1.11994816404569
801,0.57479598458883,0.499999928028518,1.14959213465336
802,0.61006860179332,0.499973003270292,1.22020308657247
803,0.592375514252733,0.49973002467983,1.1853910811788
804,0.546848418023191,0.499574077819941,1.09462928983335
805,0.631325279556539,0.499999923523548,1.26265075223918
806,0.591827144406544,0.499983419628927,1.18369354096938
807,0.597144095393882,0.499983419628927,1.19432779558383
808,0.575314285694747,0.499999919925142,1.15062875566236
809,0.577681193736511,0.499976449966121,1.15541680768295
810,0.595663556987683,0.49995852076115,1.19142595285871
811,0.559926593613601,0.499968004711986,1.11992485186358
812,0.593833273724694,0.499973358528286,1.1877298331909
813,0.60864034107539,0.499980639316286,1.21732781874853
814,0.603902270439494,0.499973003270292,1.20786975794574
815,0.574163245153578,0.499826906492482,1.14872416369649
816,0.554700196469163,0.499999919925142,1.10940057060851
817,0.551574717776459,0.499999925040398,1.10314960093623
818,0.624200795176966,0.499984078851203,1.24844134359472
819,0.605013649580528,0.499973003270292,1.2100926362487
820,0.620686995406601,0.49999999992382,1.24137399100234
821,0.522189976379934,0.499891528806929,1.04460657220222
822,0.569503522152531,0.499956605663356,1.13910590579536
823,0.600482202547192,0.499974410184386,1.20102587315567
824,0.630494371599572,0.499997685189693,1.26099458112565
825,0.575012625520066,0.499826906492482,1.15042351272203
826,0.601566297913721,0.499973358528286,1.20319670568944
827,0.583579106704707,0.499915724838544,1.16735497146681
828,0.567180242961622,0.49997966136393,1.13440663049047
829,0.591308234677047,0.499989987995686,1.18264015055067
830,0.608481659116999,0.499980880039607,1.21700985659451
831,0.557629397476332,0.499973003270292,1.11531901488463
832,0.582287183481546,0.499983419628927,1.16461298639403
833,0.575331761397673,0.49993280775059,1.15081817491901
834,0.584605868362242,0.499976449966121,1.16926680927043
835,0.590209014330692,0.499978405040569,1.18046901302228
836,0.580072022736536,0.49995852076115,1.1602402972419
837,0.554672767377229,0.499956605663356,1.10944182173826
838,0.57392946360431,0.499965748972287,1.14793756329121
839,0.579596653527692,0.499978405040569,1.15924337468268
840,0.599514629532878,0.499978405040569,1.1990810472789
841,0.589782895762612,0.49993280775059,1.17972432818781
842,0.578586056296997,0.499978405040569,1.15722209292229
843,0.56729632138334,0.499965748972287,1.13467037001926
844,0.569017197719235,0.499976449966121,1.13808799946036
845,0.615758681776032,0.499973358528286,1.23158298591863
846,0.585344631392941,0.499891528806929,1.17094329001725
847,0.601659801985344,0.49973002467983,1.20396968817477
848,0.618058200142787,0.499990774276361,1.23613920884301
849,0.559024759354339,0.499826906492482,1.11843670697377
850,0.59643101251713,0.499956605663356,1.19296556093257
851,0.573058747220163,0.49995852076115,1.14621258249129
852,0.590662279049125,0.499982747034393,1.1813653222088
853,0.571025660664316,0.499973358528286,1.14211217642712
854,0.55145539336231,0.499974410184386,1.10296723618102
855,0.615200534631365,0.499978405040569,1.23045421248033
856,0.566000007864237,0.499989987995686,1.13202268336045
857,0.603121770533865,0.499983419628927,1.20628354232523
858,0.597975048370758,0.49978602964245,1.19646211159314
859,0.571798195465276,0.499964883261648,1.14367671532249
860,0.579997869817468,0.499989169564868,1.16002086669643
861,0.569403651467945,0.499891528806929,1.139054412118
862,0.574904654671083,0.499969103769833,1.1498803632789
863,0.552666785086124,0.499974410184386,1.10539014363216
864,0.562044658951964,0.499973358528286,1.124149215883
865,0.591749767150192,0.49993280775059,1.18365859966807
866,0.57849520384103,0.499980275407729,1.15703605181079
867,0.597213714409197,0.499974410184386,1.19448856230252
868,0.617411089668717,0.499983419628927,1.23486312831522
869,0.565097628807089,0.499968004711986,1.13026758408795
870,0.586432457143326,0.499997833694182,1.17286999587684
871,0.597641539174843,0.499999919925142,1.19528326977396
872,0.62343897454449,0.499826906492482,1.24730975152869
873,0.579946709534738,0.499989169564868,1.15991854391457
874,0.576961870758441,0.499962221302726,1.15401093557645
875,0.607483806509674,0.499989169564868,1.21499393084525
876,0.60452031742797,0.499974410184386,1.20910251627684
877,0.5735852322617,0.499965748972287,1.14724905344165
878,0.58000565199314,0.499974410184386,1.16007067597567
879,0.607447759239453,0.499976449966121,1.21495274283542
880,0.543612221982116,0.499826906492482,1.08760095729319
881,0.59312443924569,0.499974410184386,1.18630959337889
882,0.611546950180399,0.499976449966121,1.22315151087984
883,0.572520688072893,0.499826906492482,1.14543791187741
884,0.606543272224791,0.49997966136393,1.21313589150838
885,0.524521538094365,0.499819331102341,1.0494222721189
886,0.586997022189458,0.499955957693424,1.17409746429986
887,0.526194825537025,0.499855585689699,1.05269369914309
888,0.604159917384478,0.499982747034393,1.2083615304088
889,0.566921812727208,0.499969103769833,1.1339136927713
890,0.594377078894028,0.499965748972287,1.18883559546991
891,0.590536999184855,0.499973003270292,1.18113777208407
892,0.522258689298346,0.499956605663356,1.04460803874248
893,0.564257388052013,0.499670458577706,1.12925905137188
894,0.574623868062717,0.499988748293156,1.14927359870467
895,0.606986786713679,0.499983419628927,1.21401383102697
896,0.57601863926812,0.499978405040569,1.15208703708189
897,0.612961083650866,0.499956605663356,1.22602857269497
898,0.577180364914287,0.499990774276361,1.15438202984774
899,0.619101685271856,0.499965748972287,1.23828819583034
900,0.634354619658131,0.499999925040398,1.26870942952017
901,0.588059677251702,0.499955957693424,1.17622296164796
902,0.603143904942571,0.499974410184386,1.20634955041026
903,0.605740770120822,0.499974410184386,1.21154354659357
904,0.571616750415095,0.499891528806929,1.14348157045059
905,0.576985121546916,0.499962221302726,1.15405744066721
906,0.616522455645702,0.499982747034393,1.23308746012248
907,0.573499265035738,0.499982747034393,1.14703810968959
908,0.597961923072715,0.49995852076115,1.19602306639831
909,0.579223080031949,0.499983419628927,1.15848457627221
910,0.57723282108655,0.499989169564868,1.15449064944528
911,0.557928894985762,0.49995852076115,1.1159503675152
912,0.582257906293852,0.499983419628927,1.16455443007687
913,0.569611433164925,0.49995852076115,1.13931738236551
914,0.5973468029482,0.49995852076115,1.19479272408196
915,0.556166900656219,0.499997685189693,1.11233895101978
916,0.605461704241764,0.499969103769833,1.21099823904418
917,0.586765647780644,0.499974410184386,1.17359135953428
918,0.60716597165045,0.499976449966121,1.21438914111173
919,0.564526182553338,0.499670458577706,1.1297969949239
920,0.624970768117151,0.499997609091398,1.24994751325482
921,0.531640977394763,0.499974410184386,1.06333637595312
922,0.61940996850202,0.499974410184386,1.23888334259665
923,0.609199447998928,0.49995852076115,1.21849998090135
924,0.587005250575115,0.499974410184386,1.17407058965004
925,0.56882481454077,0.499998070262107,1.13765401982968
926,0.553723451360718,0.49995852076115,1.10753878245282
927,0.572266914264769,0.499997833694182,1.1445387873716
928,0.59215431548311,0.499977924213265,1.1843609223645
929,0.586761537861858,0.499999919925142,1.17352326366313
930,0.566965054064922,0.49997935081256,1.1339769395346
931,0.565400441833366,0.499965748972287,1.13087835115822
932,0.568312363743541,0.499955957693424,1.13672485545624
933,0.593102084296417,0.499977924213265,1.18625654368578
934,0.630997891847101,0.499800836620556,1.2624986706978
935,0.548237940705019,0.499965748972287,1.09655099740724
936,0.593377462532038,0.499974410184386,1.18681566585219
937,0.61587302778606,0.499974410184386,1.23180909910755
938,0.641550365994764,0.499983419628927,1.28314328197304
939,0.557601614493721,0.499955957693424,1.11530146988597
940,0.599375239346352,0.499997833694182,1.19875567243548
941,0.569776838590291,0.49995852076115,1.13964822066208
942,0.623635632619762,0.499988748293156,1.24729933373242
943,0.57391806900834,0.499955957693424,1.14793725362559
944,0.553787296572697,0.49999999992382,1.10757459331414
945,0.579092957678094,0.499978405040569,1.15823593947244
946,0.532419345408243,0.499973003270292,1.06489618824561
947,0.651811540734014,0.499997685189693,1.30362911677626
948,0.599817457375834,0.499989169564868,1.19966090045079
949,0.601051210032578,0.499988748293156,1.20212947208197
950,0.570101118704849,0.499956605663356,1.14030120263822
951,0.596239195221826,0.499983419628927,1.19251793522341
952,0.579673721343403,0.499767511436112,1.15988676350265
953,0.573405756690072,0.49995852076115,1.14690665901064
954,0.59324044529363,0.499999923523548,1.18648107206299
955,0.597231498697956,0.499988748293156,1.19448987749577
956,0.575021291567623,0.499978405040569,1.15009225552645
957,0.579114372338127,0.499964883261648,1.15831009682145
958,0.6062328628012,0.499976449966121,1.21252283551011
959,0.579292993101354,0.49995852076115,1.15868210870659
960,0.551124055949603,0.499964883261648,1.10232553205378
961,0.568382265985373,0.499670458577706,1.13751424809714
962,0.640796299614219,0.49997966136393,1.28164473304003
963,0.589599590649353,0.499989169564868,1.17922472433247
964,0.588965621999622,0.499989169564868,1.17795675956779
965,0.563785018080907,0.499989169564868,1.12759446083914
966,0.621404007410163,0.499973358528286,1.24287423881808
967,0.617313183333835,0.499997685189693,1.23463208254581
968,0.567996529135973,0.49995852076115,1.13608730634542
969,0.565929137409425,0.499974410184386,1.13191620587285
970,0.557837921147003,0.49973002467983,1.11627857762679
971,0.598027488586598,0.499989169564868,1.19608088532608
972,0.568266253668838,0.499973358528286,1.13659306836184
973,0.61697412016281,0.499997583451811,1.23395420414521
974,0.596783786814888,0.499999921991503,1.19356775984663
975,0.606492080029214,0.499991528406893,1.21300471222315
976,0.551788411328331,0.499973358528286,1.10363562761137
977,0.619371486737477,0.499978405040569,1.23879647699428
978,0.577103861272119,0.499978405040569,1.15425757483524
979,0.532767139592263,0.499826906492482,1.06590328105971
980,0.577550621753438,0.499973003270292,1.15516361478663
981,0.561690084427716,0.499973358528286,1.12344002904694
982,0.587778411095823,0.499964883261648,1.17563939143346
983,0.569230221101321,0.499973358528286,1.13852110595832
984,0.592886935860648,0.499983419628927,1.18581319416686
985,0.606889213754072,0.499985976284482,1.21381247182974
986,0.555400679470101,0.499819331102341,1.11120287853848
987,0.580921166321096,0.499997609091398,1.16184788838641
988,0.588832781355056,0.499997977275871,1.17767032691448
989,0.572840718080087,0.499973358528286,1.14574248469217
990,0.607501704487949,0.499969103769833,1.2150784916654
991,0.625948779196836,0.499989169564868,1.25192467617166
992,0.615983686152651,0.499965748972287,1.23205177038396
993,0.57048478919741,0.499886652560076,1.14122828900467
994,0.553303620763228,0.499956605663356,1.10670329083679
995,0.620243404982234,0.499977924213265,1.24054158182726
996,0.598325055938662,0.499983419628927,1.19668979499904
997,0.628949105391721,0.49993280775059,1.25806727552374
998,0.59360546215729,0.499973003270292,1.1872750294007
999,0.563273411834378,0.499999919925142,1.12654700408494
1000,0.539037160914604,0.499989169564868,1.07809767436306
