"IterationNo","AUC_at_Value_0.9","AUC_at_0.5","AUC_ratio"
0,0.362089383260136,0.304491742590593,1.18915994299059
1,0.50651336791857,0.387487862405955,1.30717221637233
2,0.422825563466902,0.340916060960491,1.24026296172624
3,0.420683672649787,0.340916060960491,1.23398021044993
4,0.299744142479837,0.260291782135606,1.15156974999571
5,0.41071134202059,0.335351752648982,1.22471804240274
6,0.339909658667649,0.287179606195307,1.18361349947838
7,0.321857879638335,0.276403879447331,1.16444776492244
8,0.43348061490378,0.350941248011109,1.23519425932531
9,0.466574667731312,0.363755341289456,1.28266066438331
10,0.482680438552145,0.369889294409121,1.30493216713179
11,0.351486007625761,0.297503222125027,1.18145277592337
12,0.332475793483927,0.282901248473861,1.17523621856567
13,0.425241797424376,0.344572462953061,1.23411428115863
14,0.310353879211007,0.266659162715286,1.16385979784379
15,0.331850448970239,0.28397482952644,1.16859106676333
16,0.328166777698507,0.281465667610343,1.16592116006424
17,0.330664438942725,0.282901248473861,1.16883343826345
18,0.458358264312477,0.359054574009712,1.27656990744833
19,0.330170209448573,0.282901248473861,1.16708643468245
20,0.411361193269423,0.335351752648982,1.22665586215081
21,0.517544759218399,0.388444858558157,1.33235064853076
22,0.440851147643999,0.353670915296323,1.24650099450398
23,0.444174621979894,0.353670915296323,1.25589807577969
24,0.298430561002153,0.260291782135606,1.14652317700402
25,0.337688676366597,0.28397482952644,1.18915002759129
26,0.33506707583081,0.287179606195307,1.1667509412313
27,0.451230903704684,0.354032965023877,1.27454488220963
28,0.337113979302405,0.287179606195307,1.17387854858028
29,0.235284328131373,0.212701375051831,1.10617210666381
30,0.244863787818416,0.216773539431362,1.12958338208962
31,0.358022515052295,0.297503222125027,1.2034239914949
32,0.334740426653626,0.28397482952644,1.17876794648259
33,0.393574981140336,0.322470545235446,1.2204990097715
34,0.198351767768638,0.184177327780637,1.07696082986329
35,0.520174902709334,0.390346588753393,1.33259753689807
36,0.358171888312993,0.303500895994304,1.18013453350633
37,0.375697165774475,0.308756470400323,1.21680742524151
38,0.421774304554825,0.340916060960491,1.23717933196379
39,0.259213181920552,0.235072241415548,1.10269583664848
40,0.429250066540358,0.344572462953061,1.24574686805089
41,0.329252917145048,0.282901248473861,1.16384398768558
42,0.288652864857714,0.25302602789626,1.14080305199298
43,0.274678204528524,0.240388964559862,1.14264065753369
44,0.390237726256904,0.322470545235446,1.21014998741041
45,0.398193244224376,0.326099913134243,1.22107743113827
46,0.433549892669221,0.344572462953061,1.25822559630449
47,0.29331069386238,0.260291782135606,1.12685345444203
48,0.271000766985903,0.240388964559862,1.12734279413404
49,0.47651124571425,0.371775372123827,1.28171815952224
50,0.360493973569697,0.302175871325805,1.19299390777966
51,0.251954032424447,0.22699610981968,1.10994867984563
52,0.350632550755725,0.303500895994304,1.15529329693414
53,0.223685054904326,0.201353052784988,1.11090967735754
54,0.424231523173106,0.339687813739542,1.24888649522879
55,0.26109521098412,0.235072241415548,1.11070200978162
56,0.235545775304104,0.211678792435035,1.11275094020764
57,0.320399503979035,0.276403879447331,1.15917151604266
58,0.443579855516865,0.3518539399157,1.2606931604152
59,0.298520725156035,0.260291782135606,1.14686957347164
60,0.33046855830274,0.282901248473861,1.16814103891547
61,0.329982104974699,0.282901248473861,1.16642152254478
62,0.331107581978509,0.282901248473861,1.17039986131098
63,0.232673111238155,0.212701375051831,1.09389566090702
64,0.463304236691535,0.36258762362824,1.27777178949318
65,0.355960602595783,0.303500895994304,1.17284860537105
66,0.307007569851627,0.265075352949755,1.15818979937309
67,0.360383729189405,0.302175871325805,1.19262907262651
68,0.296705728612984,0.260291782135606,1.13989664283142
69,0.405075643394078,0.333475728459105,1.21470802467639
70,0.390212527541408,0.322470545235446,1.21007184472151
71,0.451350757457639,0.359054574009712,1.25705335658927
72,0.359787460646693,0.303500895994304,1.18545765562895
73,0.413282042135402,0.340916060960491,1.21226920483309
74,0.382902742407706,0.316956212607091,1.20806195675478
75,0.238858613682168,0.214741090459127,1.11230977346476
76,0.341057200296715,0.288596263812754,1.18177967999613
77,0.427749857076036,0.344572462953061,1.24139303939185
78,0.354205622305903,0.299512464708414,1.18260728364255
79,0.238129425852517,0.214741090459127,1.10891411300643
80,0.386464513908903,0.322470545235446,1.1984490354824
81,0.337019680984262,0.287179606195307,1.1735501885014
82,0.236013515961024,0.212701375051831,1.10960033005669
83,0.30107194154528,0.26149219474005,1.151361102172
84,0.362768649805576,0.302175871325805,1.20052156452439
85,0.32825727258553,0.282901248473861,1.16032458094952
86,0.26182439881377,0.235072241415548,1.11380398313781
87,0.517968609487631,0.388444858558157,1.33344179508578
88,0.294391477269446,0.258686544691705,1.13802392629386
89,0.394061434468378,0.322470545235446,1.2220075299611
90,0.303420296462888,0.265075352949755,1.14465676678888
91,0.321857879638335,0.276403879447331,1.16444776492244
92,0.432362206336532,0.344572462953061,1.25477875576909
93,0.316415941416136,0.276403879447331,1.14475940804018
94,0.361521053526796,0.303500895994304,1.19116964166584
95,0.332323223136201,0.282901248473861,1.17469691254087
96,0.226731734474835,0.208085447482223,1.08960879878063
97,0.384142105793657,0.316956212607091,1.21197216055156
98,0.348051304584749,0.297503222125027,1.16990768065859
99,0.421770662552976,0.340916060960491,1.23716864897678
100,0.294431095687397,0.255459999045125,1.15255263754772
101,0.287641274236046,0.25302602789626,1.13680508138862
102,0.322983356642145,0.276403879447331,1.16851962167806
103,0.475861595267681,0.368941091716111,1.28980372734909
104,0.318909629925365,0.276403879447331,1.1537813093037
105,0.40787038371344,0.335351752648982,1.21624646506728
106,0.420773541506222,0.340916060960491,1.2342438203725
107,0.472080686287017,0.368370517672894,1.28153764657739
108,0.285512376506608,0.25302602789626,1.1283913314391
109,0.444147257749786,0.353670915296323,1.25582070376824
110,0.440552269223076,0.3518539399157,1.25208849253934
111,0.472400248522331,0.369889294409121,1.2771395540846
112,0.331789915946535,0.282901248473861,1.17281177702965
113,0.233402299067805,0.212701375051831,1.0973238842999
114,0.481417715169469,0.373647679610114,1.28842688297117
115,0.36829049945429,0.307449255439015,1.19789036056828
116,0.40124809631579,0.326099913134243,1.23044527200046
117,0.302835902814854,0.265075352949755,1.14245213462851
118,0.296211499118832,0.260291782135606,1.13799789101491
119,0.392262383987476,0.322470545235446,1.21642856931653
120,0.327900651701779,0.282901248473861,1.15906399660897
121,0.437002203312686,0.3518539399157,1.24199889140757
122,0.44701549563511,0.359054574009712,1.2449792538307
123,0.416925422039111,0.340916060960491,1.22295623404915
124,0.462618654451589,0.36258762362824,1.27588098518749
125,0.296344082422898,0.258686544691705,1.14557207749662
126,0.338639387482223,0.287179606195307,1.17919023557654
127,0.451250848487998,0.359054574009712,1.25677510092322
128,0.501305699004493,0.380999207271064,1.31576572716551
129,0.468926220523409,0.368370517672894,1.27297435062327
130,0.282664279875833,0.249352471668431,1.13359325449839
131,0.339325265019616,0.287179606195307,1.18157855815446
132,0.418096867012204,0.340916060960491,1.22639240238276
133,0.432872381892833,0.344572462953061,1.25625936031865
134,0.471454572228181,0.371775372123827,1.26811673816617
135,0.465107090603556,0.369889294409121,1.2574224170141
136,0.448419129053646,0.353670915296323,1.2678993653689
137,0.322536571604512,0.276403879447331,1.16690320066934
138,0.434021581124902,0.344572462953061,1.2595945056237
139,0.331978020420409,0.282901248473861,1.17347668916732
140,0.463138488203064,0.363755341289456,1.27321426143547
141,0.320489668132917,0.276403879447331,1.15949772041454
142,0.359713242554961,0.303500895994304,1.18521311568619
143,0.353795233662964,0.297503222125027,1.18921479618221
144,0.465627046411309,0.367989446465995,1.26532717414312
145,0.428739890984057,0.344572462953061,1.24426626350133
146,0.432781850782656,0.343115003296683,1.26133175939392
147,0.349144125628196,0.294470574574393,1.18566728146887
148,0.334824687811539,0.282901248473861,1.18353909577206
149,0.298375930974419,0.260291782135606,1.1463132970482
150,0.370427567079768,0.307449255439015,1.20484132105256
151,0.359008536852334,0.299512464708414,1.19864305881841
152,0.468051371518837,0.368941091716111,1.2686344297994
153,0.328856627970889,0.282901248473861,1.16244318377858
154,0.440587151726191,0.353670915296323,1.24575454941508
155,0.234343313599589,0.212701375051831,1.10174799548186
156,0.3245401667525,0.282901248473861,1.14718534648844
157,0.353473162580537,0.297503222125027,1.18813221603358
158,0.285971071874611,0.25302602789626,1.13020417010956
159,0.381284449400192,0.315099360189597,1.21004513995449
160,0.356957231480125,0.303500895994304,1.17613238112755
161,0.298430561002153,0.260291782135606,1.14652317700402
162,0.35981528160352,0.302175871325805,1.1907478913681
163,0.323693450538859,0.282901248473861,1.14419237202047
164,0.28895485571373,0.25302602789626,1.14199656895456
165,0.441106542531494,0.3518539399157,1.25366378627785
166,0.487640549772975,0.37612266923651,1.2964933774474
167,0.462741706866493,0.363755341289456,1.27212346965448
168,0.214220044633225,0.194016946808423,1.10413058321524
169,0.33878418166384,0.287179606195307,1.17969442939286
170,0.285332048198843,0.25302602789626,1.12767864464848
171,0.372262462733462,0.308756470400323,1.20568311410867
172,0.41253362256734,0.335351752648982,1.23015198014827
173,0.421866929520768,0.340916060960491,1.23745102630896
174,0.446729535493178,0.353670915296323,1.26312206113665
175,0.355768363957647,0.303500895994304,1.17221520151401
176,0.43413668544496,0.345781817060492,1.25552202002863
177,0.346156207624816,0.294470574574393,1.1755205358808
178,0.295180320433166,0.260291782135606,1.13403626503807
179,0.435817310493848,0.353670915296323,1.23226788419596
180,0.423479352015031,0.340916060960491,1.24218070225829
181,0.338838811691574,0.287179606195307,1.17988465887489
182,0.371042868527277,0.307449255439015,1.20684263163186
183,0.479436166928891,0.371775372123827,1.28958560162292
184,0.479688449381293,0.371775372123827,1.29026419001612
185,0.335800397824721,0.287179606195307,1.16930447211613
186,0.467412525021537,0.363755341289456,1.28496401830041
187,0.446203726890022,0.355476679438865,1.25522644015459
188,0.22289835625629,0.206538630219577,1.07920903716327
189,0.439590522841848,0.353670915296323,1.24293659396204
190,0.450122109431722,0.353670915296323,1.27271452065711
191,0.391938836417814,0.322470545235446,1.21542522940086
192,0.369188203693817,0.307449255439015,1.20081020579036
193,0.408867504760195,0.335351752648982,1.21921982375373
194,0.481707335031097,0.369889294409121,1.30230137046978
195,0.361575683554531,0.303500895994304,1.19134964122582
196,0.330115579420839,0.282901248473861,1.16689332833164
197,0.453255374807269,0.357866925258576,1.26654726328724
198,0.359395305636795,0.303500895994304,1.18416555067943
199,0.500076115869994,0.382203041525903,1.30840433365861
200,0.305735427136602,0.266659162715286,1.14654011519206
201,0.298073940118402,0.260291782135606,1.14515309577892
202,0.419804079987023,0.340916060960491,1.23140012472359
203,0.337560764340038,0.287179606195307,1.175434317263
204,0.391533196157826,0.322470545235446,1.21416731525651
205,0.364658884200878,0.303500895994304,1.2015084272032
206,0.298960324622452,0.260291782135606,1.14855844533233
207,0.434340145648576,0.350392287519785,1.23958249401837
208,0.42018393093662,0.340916060960491,1.23251433139525
209,0.453138043288243,0.357866925258576,1.26621939974148
210,0.479589032574064,0.371775372123827,1.28999677906133
211,0.439170719722562,0.350392287519785,1.25336868237365
212,0.367121712158223,0.307449255439015,1.19408879892716
213,0.454671282756361,0.355476679438865,1.27904672529877
214,0.262553586643421,0.235072241415548,1.116905956494
215,0.477837524982164,0.371775372123827,1.28528558051718
216,0.368379679283348,0.307449255439015,1.19818042413968
217,0.337227865684547,0.287179606195307,1.17427511706804
218,0.36773696635814,0.303500895994304,1.21165034835693
219,0.327221959735602,0.282901248473861,1.15666495464702
220,0.440086585148822,0.3518539399157,1.25076497723533
221,0.45154161804102,0.359054574009712,1.25758492086166
222,0.406672808853569,0.333475728459105,1.21949747507168
223,0.338098304126447,0.287179606195307,1.17730610681495
224,0.364465661237918,0.303500895994304,1.20087178011085
225,0.451239135022592,0.359054574009712,1.25674247784513
226,0.262890619463173,0.235072241415548,1.11833969795885
227,0.319944942775292,0.276403879447331,1.15752696168744
228,0.396445181769359,0.326099913134243,1.21571691926872
229,0.459492734107879,0.36258762362824,1.26725984055924
230,0.26614086003216,0.235072241415548,1.13216625846388
231,0.303474926490622,0.265075352949755,1.14486285923439
232,0.263529643138941,0.235072241415548,1.12105811197456
233,0.295482311289182,0.260291782135606,1.13519646630735
234,0.224780385319858,0.206538630219577,1.08832127472177
235,0.326637566087569,0.282901248473861,1.15459923860233
236,0.348480892286516,0.289726183722419,1.2027939201394
237,0.492849695174288,0.37612266923651,1.31034296915611
238,0.324206773965947,0.276403879447331,1.17294581615206
239,0.434021581124902,0.344572462953061,1.2595945056237
240,0.337074311011996,0.287179606195307,1.17374041798343
241,0.386683526182253,0.322470545235446,1.19912820533709
242,0.462000104732161,0.36258762362824,1.27417505349231
243,0.317693988767673,0.276403879447331,1.14938324817618
244,0.441058840181872,0.353670915296323,1.24708824250456
245,0.44260757686002,0.353670915296323,1.25146727569945
246,0.380294675353924,0.316956212607091,1.19983347928677
247,0.327578580619353,0.282901248473861,1.15792553898757
248,0.290962090894917,0.25302602789626,1.14992948873311
249,0.219379024904206,0.200310487471775,1.0951949030383
250,0.366670792956329,0.307449255439015,1.1926221529883
251,0.262251595787405,0.235072241415548,1.11562128394314
252,0.318180442095714,0.276403879447331,1.15114318486381
253,0.439048478785044,0.350025753296998,1.25433193029231
254,0.353375222260545,0.297503222125027,1.18780300843948
255,0.424141605756646,0.340916060960491,1.24412327351688
256,0.272839059216456,0.24214922968152,1.1267393234135
257,0.421252809263048,0.340916060960491,1.23564964371646
258,0.420118867065751,0.340916060960491,1.23232348127605
259,0.23997739990204,0.215758223249627,1.11225146503173
260,0.474518184810529,0.371775372123827,1.27635723178694
261,0.393088035649883,0.322470545235446,1.2189889633575
262,0.444773485202842,0.353670915296323,1.25759135390081
263,0.474596277204769,0.369889294409121,1.28307654311248
264,0.443187897371932,0.3518539399157,1.25957918071946
265,0.243011996163496,0.21636763095172,1.12314395223804
266,0.319646593921125,0.276403879447331,1.15644756709007
267,0.302706609780566,0.26149219474005,1.15761241011988
268,0.313536475928139,0.267922353545604,1.17025127533739
269,0.297037736126401,0.258686544691705,1.14825352234845
270,0.338199788015806,0.287179606195307,1.17765948806894
271,0.369258598667933,0.308756470400323,1.19595420361285
272,0.338936752011566,0.287179606195307,1.18022570091923
273,0.294396502575781,0.260291782135606,1.13102496037469
274,0.46379463913077,0.363755341289456,1.27501808629583
275,0.321901189930593,0.276403879447331,1.1646044569788
276,0.459684579016085,0.36258762362824,1.26778893999812
277,0.250922853738781,0.22699610981968,1.1054059646137
278,0.363728697242158,0.303500895994304,1.19844356983046
279,0.352774882550362,0.297503222125027,1.18578508168932
280,0.351292784662802,0.297503222125027,1.18080329400658
281,0.261433785912763,0.233288024440996,1.12064811959041
282,0.424795012386744,0.344572462953061,1.23281764522376
283,0.327974869793512,0.282901248473861,1.15932634289458
284,0.411294259181388,0.335351752648982,1.22645626847788
285,0.457572229755588,0.357866925258576,1.27861000125946
286,0.24070658773169,0.215758223249627,1.11563111758294
287,0.198191545935946,0.183012815028901,1.08293807679341
288,0.241647602263475,0.215758223249627,1.11999254825108
289,0.42468751230406,0.340916060960491,1.24572456665008
290,0.271729954815553,0.240388964559862,1.13037616062399
291,0.413494225163122,0.335351752648982,1.23301644287493
292,0.465975017048506,0.363755341289456,1.28101216437591
293,0.323810978922849,0.282901248473861,1.14460781162925
294,0.351594775518818,0.297503222125027,1.18181837832687
295,0.359152571135186,0.303500895994304,1.18336576885073
296,0.320187677276901,0.276403879447331,1.15840514943971
297,0.341938958474092,0.288596263812754,1.1848350146901
298,0.485630526983887,0.373647679610114,1.29970170694121
299,0.36106550799823,0.303500895994304,1.18966867236203
300,0.442927187130386,0.353670915296323,1.25237096966054
301,0.479007788765468,0.371775372123827,1.28843335164741
302,0.449787242126582,0.353670915296323,1.27176768762489
303,0.356461080583917,0.297503222125027,1.19817552911784
304,0.432809126554774,0.345781817060492,1.25168272361486
305,0.447747585254342,0.357866925258576,1.25115665531488
306,0.331989340155885,0.282901248473861,1.17351670219497
307,0.369305732077807,0.307449255439015,1.20119247500036
308,0.295337517107565,0.260291782135606,1.13464018988391
309,0.340548682343418,0.287179606195307,1.18583867028432
310,0.431865946508377,0.345781817060492,1.24895504968911
311,0.437978751970618,0.3518539399157,1.24477432901718
312,0.33159403530655,0.282901248473861,1.17211937768167
313,0.241647602263475,0.215758223249627,1.11999254825108
314,0.3495552702326,0.295483961581345,1.1829923639912
315,0.328993905848149,0.281465667610343,1.16885980674419
316,0.329080428000183,0.281465667610343,1.1691672053437
317,0.224786318267426,0.203877434092831,1.10255614736192
318,0.326849392789702,0.282901248473861,1.15534800412838
319,0.317451254266064,0.276403879447331,1.14850506042392
320,0.336290493154611,0.287179606195307,1.17101105336117
321,0.419651706504261,0.340916060960491,1.23095317164566
322,0.407238151878958,0.335351752648982,1.21436118541841
323,0.389535312062467,0.322470545235446,1.20797175995735
324,0.451214822199438,0.359054574009712,1.25667476439733
325,0.384652281349958,0.316956212607091,1.21358176950071
326,0.377929834964163,0.316956212607091,1.19237238436041
327,0.288598234829979,0.25302602789626,1.14058714524145
328,0.318217222377089,0.274216801119992,1.16045851704704
329,0.41110763119475,0.335351752648982,1.22589975435453
330,0.360481114350196,0.303500895994304,1.18774316355547
331,0.243741183993146,0.21636763095172,1.12651408586867
332,0.295035526251549,0.260291782135606,1.13347998861463
333,0.411270536953129,0.335351752648982,1.22638553013203
334,0.444043133901249,0.355476679438865,1.24914842403218
335,0.373898115293573,0.308756470400323,1.21098066320291
336,0.231742341559139,0.208085447482223,1.11368836390607
337,0.357929153811384,0.303500895994304,1.17933475167764
338,0.489831459966328,0.37612266923651,1.30231836586887
339,0.298658333766436,0.260291782135606,1.14739824406305
340,0.28733928338003,0.25302602789626,1.13561156442703
341,0.325386880997491,0.276403879447331,1.1772153185697
342,0.324747857321723,0.276403879447331,1.1749033985017
343,0.330025415266957,0.282901248473861,1.16657461586795
344,0.42780202629171,0.344572462953061,1.24154444213375
345,0.278410173666397,0.24302711675614,1.14559304073776
346,0.315135006055566,0.274216801119992,1.14921844601954
347,0.302533911958838,0.265075352949755,1.14131287044323
348,0.301467691309435,0.265075352949755,1.13729054004723
349,0.267509071537578,0.235072241415548,1.13798664583578
350,0.393391502993135,0.322470545235446,1.21993003331795
351,0.364135294265875,0.304491742590593,1.1958790447578
352,0.414109170285045,0.340916060960491,1.21469539780068
353,0.430991337154089,0.344572462953061,1.25080029164373
354,0.415727559756391,0.335351752648982,1.23967612058834
355,0.263529643138941,0.235072241415548,1.12105811197456
356,0.443677795836857,0.3518539399157,1.26097151546223
357,0.329625484090948,0.282901248473861,1.16516093820422
358,0.331197746132391,0.282901248473861,1.17071857377467
359,0.327468497668331,0.281465667610343,1.16344028900062
360,0.417992627013338,0.340916060960491,1.22608663797092
361,0.263831633994957,0.235072241415548,1.12234278452542
362,0.327954950996373,0.281465667610343,1.16516857555213
363,0.302745738660972,0.265075352949755,1.14211198925898
364,0.461856808299197,0.361179785175107,1.27874490006488
365,0.460926710323441,0.363755341289456,1.26713386170366
366,0.441455129356031,0.353670915296323,1.24820874508767
367,0.447835733510984,0.359054574009712,1.24726369172746
368,0.38788833976688,0.322470545235446,1.20286440265008
369,0.361843124609223,0.303500895994304,1.19223082826093
370,0.441757574970116,0.3518539399157,1.25551407801759
371,0.42212413359729,0.340916060960491,1.238205476175
372,0.454716408143595,0.357866925258576,1.27062987957057
373,0.235730035661432,0.214741090459127,1.09774070326936
374,0.264133624850973,0.235072241415548,1.12362745707628
375,0.42662044277293,0.344572462953061,1.23811531286249
376,0.465821056834128,0.36258762362824,1.2847130637634
377,0.446801404985881,0.359054574009712,1.24438299168916
378,0.388923652616808,0.322470545235446,1.20607496828227
379,0.51629352093777,0.392231969469743,1.31629637848171
380,0.428155497336023,0.344572462953061,1.24257026712651
381,0.362427518257257,0.303500895994304,1.19415633706748
382,0.421356753964467,0.340916060960491,1.23595454194016
383,0.452036879107587,0.357866925258576,1.26314237836025
384,0.49895798586667,0.380999207271064,1.30960373760485
385,0.432833894792213,0.344572462953061,1.2561476650883
386,0.308044653173804,0.266659162715286,1.15519995651792
387,0.418863065455238,0.340916060960491,1.22863987186506
388,0.469956823575918,0.371775372123827,1.26408809946504
389,0.448731160022868,0.353670915296323,1.26878162895272
390,0.322983356642145,0.276403879447331,1.16851962167806
391,0.388958694580544,0.322470545235446,1.20618363545902
392,0.453034000154342,0.357866925258576,1.2659286683926
393,0.422129792808812,0.339687813739542,1.24269925424079
394,0.510623676083112,0.388444858558157,1.31453323382491
395,0.413733809825294,0.335351752648982,1.23373087081598
396,0.349309271709875,0.297503222125027,1.17413609578681
397,0.325908378257918,0.282901248473861,1.15202170374314
398,0.431900496309701,0.345781817060492,1.24905496761312
399,0.264560821824607,0.235072241415548,1.12544475788161
400,0.443983367666583,0.353670915296323,1.2553573066493
401,0.352257521422845,0.297503222125027,1.18404607152392
402,0.305729522500091,0.265075352949755,1.15336835016133
403,0.348304866659422,0.297503222125027,1.17075998092231
404,0.208321710425811,0.192433343218281,1.08256556240104
405,0.415501104018723,0.340916060960491,1.21877831994215
406,0.443609521098412,0.353670915296323,1.25430026024824
407,0.466270709013108,0.368370517672894,1.2657655448614
408,0.347729233502322,0.297503222125027,1.16882510050996
409,0.215478137751928,0.197171891879543,1.09284409505777
410,0.328801997943155,0.282901248473861,1.16225007742776
411,0.423121254644044,0.340916060960491,1.24113030477928
412,0.291992087078361,0.258686544691705,1.12874864607415
413,0.412607840659072,0.335351752648982,1.23037329430914
414,0.443229140582059,0.3518539399157,1.25969639756841
415,0.419818549561936,0.340916060960491,1.23144256794223
416,0.443754770038097,0.3518539399157,1.26119028294643
417,0.418019499081034,0.340916060960491,1.22616546109125
418,0.289009485741464,0.25302602789626,1.14221247570609
419,0.388265040877041,0.322470545235446,1.20403257480015
420,0.297339726982417,0.258686544691705,1.14942092305875
421,0.367819992188398,0.307449255439015,1.19636000309442
422,0.417325217378294,0.335351752648982,1.24444024544913
423,0.436531037533487,0.350941248011109,1.2438863770145
424,0.464695579830318,0.36258762362824,1.28160904991829
425,0.329625153357808,0.281465667610343,1.17110252257883
426,0.427297461386906,0.344572462953061,1.24008012052058
427,0.379205548284676,0.309799036622075,1.22403720947419
428,0.305590632954985,0.266659162715286,1.14599712173126
429,0.417210482508154,0.340916060960491,1.2237923943293
430,0.320489668132917,0.276403879447331,1.15949772041454
431,0.450698051666816,0.359054574009712,1.25523551095223
432,0.326547401933686,0.282901248473861,1.15428052613864
433,0.349524362433125,0.295483961581345,1.18288776339187
434,0.476222444810876,0.371775372123827,1.28094134393674
435,0.362749589339683,0.303500895994304,1.19521752366257
436,0.376894522114235,0.316956212607091,1.18910596203219
437,0.421586200080951,0.340916060960491,1.23662757012146
438,0.318459956878698,0.274216801119992,1.16134370898501
439,0.465693748198685,0.369889294409121,1.25900845263069
440,0.304204114320273,0.265075352949755,1.1476137292098
441,0.349705560884034,0.297503222125027,1.17546814581077
442,0.342313183022995,0.287179606195307,1.19198291117578
443,0.36605549150882,0.307449255439015,1.190620842409
444,0.297152513650617,0.260291782135606,1.14161312052413
445,0.239070440384301,0.214741090459127,1.11329620182685
446,0.41579945287289,0.340916060960491,1.2196534586884
447,0.3032910034286,0.26149219474005,1.15984725177018
448,0.408564976462825,0.333475728459105,1.2251715540159
449,0.433859943176897,0.3518539399157,1.23306831033594
450,0.350712033016617,0.297503222125027,1.17885120877524
451,0.388903572390397,0.322470545235446,1.20601269832706
452,0.293752453593678,0.258686544691705,1.13555366377391
453,0.451053932338299,0.357866925258576,1.26039569600457
454,0.223567324405638,0.204469849072037,1.09339995808806
455,0.411672436778785,0.335351752648982,1.22758397272994
456,0.300526676777651,0.265075352949755,1.13374055125607
457,0.299014954650187,0.260291782135606,1.14876832528814
458,0.222014852542892,0.201353052784988,1.10261478270194
459,0.473716338847127,0.368370517672894,1.28597788400585
460,0.52151299912487,0.394720377902163,1.32122137168741
461,0.418450338056517,0.340916060960491,1.22742922958098
462,0.289237258505748,0.25302602789626,1.14311267070253
463,0.386683526182253,0.322470545235446,1.19912820533709
464,0.354205622305903,0.299512464708414,1.18260728364255
465,0.431694735673349,0.344572462953061,1.25284165766942
466,0.37551896360833,0.315099360189597,1.19174778197702
467,0.359697296492811,0.303500895994304,1.18516057527409
468,0.452181466187261,0.354032965023877,1.27722983693556
469,0.442246034352149,0.353670915296323,1.25044501887189
470,0.324967363726134,0.282901248473861,1.1486954033579
471,0.449148531466109,0.355476679438865,1.26351054076208
472,0.364567700286478,0.302175871325805,1.20647521817982
473,0.447619969509554,0.359054574009712,1.24666276914619
474,0.233402299067805,0.212701375051831,1.0973238842999
475,0.370393017278444,0.307449255439015,1.20472894543052
476,0.389088527024835,0.322470545235446,1.20658625345378
477,0.398455566789983,0.326099913134243,1.22188185504347
478,0.417006235107165,0.340916060960491,1.2231932808689
479,0.409506528435963,0.335351752648982,1.22112535629
480,0.360967567678237,0.303500895994304,1.18934597044818
481,0.198191545935946,0.183012815028901,1.08293807679341
482,0.452061341548115,0.359054574009712,1.25903239861216
483,0.352159581102853,0.297503222125027,1.18371686392982
484,0.353953367414596,0.303500895994304,1.16623499991657
485,0.368737284491923,0.307449255439015,1.19934355985151
486,0.351645483996453,0.295483961581345,1.19006622936334
487,0.353901556493158,0.295483961581345,1.19770140686885
488,0.320870011244927,0.276403879447331,1.16087376156407
489,0.362968601613033,0.303500895994304,1.19593914352017
490,0.299297357442204,0.260291782135606,1.14985327230299
491,0.453344507388736,0.359054574009712,1.26260613345222
492,0.339964288695384,0.287179606195307,1.1838037289604
493,0.303330132309005,0.265075352949755,1.14431662141935
494,0.449234014171128,0.357866925258576,1.25531023535225
495,0.372262462733462,0.308756470400323,1.20568311410867
496,0.230801327027355,0.208085447482223,1.10916611334424
497,0.385488949575795,0.322470545235446,1.19542375349146
498,0.386648976380929,0.322470545235446,1.19902106438473
499,0.300981777391397,0.26149219474005,1.15101629588066
500,0.296211499118832,0.260291782135606,1.13799789101491
501,0.330758406527727,0.281465667610343,1.17512877977581
502,0.285332048198843,0.25302602789626,1.12767864464848
503,0.321411094600703,0.276403879447331,1.16283134391371
504,0.393842422195029,0.322470545235446,1.22132836010641
505,0.368062726690007,0.307449255439015,1.19714951387487
506,0.455616821245037,0.359054574009712,1.26893473645795
507,0.420142097131599,0.340916060960491,1.23239162140938
508,0.286700259704261,0.25302602789626,1.13308603896595
509,0.470340989805545,0.363755341289456,1.2930146623779
510,0.364493482194745,0.302175871325805,1.20622960594279
511,0.505360231387205,0.387487862405955,1.30419628694785
512,0.417956108562366,0.340916060960491,1.2259795193715
513,0.414200188832874,0.337217149462505,1.22828921806935
514,0.477395598571863,0.369889294409121,1.29064454091454
515,0.327915613439105,0.282901248473861,1.15911688339333
516,0.354751209932074,0.297503222125027,1.19242812699013
517,0.359497344685355,0.302175871325805,1.18969573284607
518,0.415234647288854,0.340916060960491,1.21799672951453
519,0.454743626693629,0.359054574009712,1.26650280935101
520,0.48593152957778,0.371775372123827,1.30705680368717
521,0.407949379717869,0.333475728459105,1.22332555236594
522,0.390197565804083,0.322470545235446,1.21002544749998
523,0.485981801015193,0.374268722054783,1.29848360917549
524,0.378114297436188,0.316956212607091,1.19295436529244
525,0.459927313517693,0.36258762362824,1.26845839059652
526,0.304059320138656,0.265075352949755,1.14706749139476
527,0.299105118804069,0.260291782135606,1.14911472175576
528,0.422824382277113,0.340916060960491,1.2402594969737
529,0.338596077189965,0.287179606195307,1.17903942301422
530,0.26942072877835,0.240388964559862,1.12076995411018
531,0.284336403639324,0.25302602789626,1.12374369547429
532,0.403008212812602,0.335351752648982,1.20174774584953
533,0.408948272549307,0.333475728459105,1.22632095126964
534,0.317529113375321,0.273119270334105,1.16260237875888
535,0.270059752454119,0.240388964559862,1.12342824450607
536,0.390139785936912,0.322470545235446,1.20984626875629
537,0.36514902677836,0.307449255439015,1.18767250308333
538,0.493238405047303,0.37612266923651,1.31137643484379
539,0.450343104135267,0.359054574009712,1.25424694944308
540,0.447599889283144,0.359054574009712,1.24660684386947
541,0.457562473127932,0.36258762362824,1.26193626949901
542,0.439378098654546,0.350941248011109,1.25199902019109
543,0.359078353043453,0.303500895994304,1.18312122890798
544,0.282564256724513,0.250580003678311,1.12764088345718
545,0.307899858992188,0.266659162715286,1.15465696305713
546,0.416553839418036,0.340916060960491,1.22186628064528
547,0.337470600186155,0.287179606195307,1.1751203529287
548,0.353869451754697,0.297503222125027,1.18946426605753
549,0.348176018539955,0.297503222125027,1.17032688269048
550,0.440364202153545,0.353670915296323,1.24512416234337
551,0.31945848944725,0.276403879447331,1.15576702499982
552,0.446665998900706,0.354032965023877,1.26165087160903
553,0.384339750343726,0.322470545235446,1.19186001953483
554,0.403949227344386,0.335351752648982,1.20455379807484
555,0.495689330548875,0.377350983897428,1.31360285702505
556,0.299798772507571,0.260291782135606,1.15177962995152
557,0.350912268309623,0.294470574574393,1.19167176148859
558,0.2957647140812,0.260291782135606,1.1362814133222
559,0.30375732928264,0.265075352949755,1.14592822720948
560,0.423630938037933,0.340916060960491,1.24262534550119
561,0.388319178742364,0.322470545235446,1.20420045948333
562,0.442489940200298,0.352374219742621,1.25573868747691
563,0.302835902814854,0.265075352949755,1.14245213462851
564,0.415748525875144,0.335351752648982,1.23973864037119
565,0.33604313232633,0.287179606195307,1.17014970797679
566,0.439694048220892,0.353066502529235,1.24535758864432
567,0.45647591928064,0.359942040628624,1.26819284150144
568,0.450147467607839,0.357866925258576,1.25786273007092
569,0.433863714125297,0.350941248011109,1.23628589282148
570,0.439936967775568,0.3518539399157,1.25033975143485
571,0.236013515961024,0.212701375051831,1.10960033005669
572,0.296705728612984,0.260291782135606,1.13989664283142
573,0.321995488248737,0.276403879447331,1.1649456183197
574,0.440423064778023,0.353670915296323,1.24529059566296
575,0.36701146777793,0.307449255439015,1.19373022144375
576,0.390197565804083,0.322470545235446,1.21002544749998
577,0.369917391523467,0.307449255439015,1.20318193971637
578,0.360238379848587,0.303500895994304,1.18694338172678
579,0.368325049255614,0.307449255439015,1.19800273619031
580,0.361477743234539,0.303500895994304,1.19102693931198
581,0.336529585654371,0.287179606195307,1.17184360725637
582,0.234169530658175,0.210244124868795,1.11379821340696
583,0.474118848166715,0.368941091716111,1.28508008137932
584,0.361572041552682,0.303500895994304,1.19133764125516
585,0.328311902613264,0.282901248473861,1.16051768730034
586,0.487125803012191,0.377350983897428,1.29090905761253
587,0.263404437021323,0.235072241415548,1.12052548372009
588,0.391794042236197,0.322470545235446,1.21497621418457
589,0.397134701308601,0.326099913134243,1.21783136184129
590,0.325144146495882,0.276403879447331,1.17633713081744
591,0.432539519985469,0.345781817060492,1.25090302220778
592,0.406373816250967,0.335351752648982,1.21178378535664
593,0.263494601175205,0.235072241415548,1.12090904306057
594,0.305235293005939,0.265075352949755,1.15150386337049
595,0.395058555515133,0.322470545235446,1.22509966058044
596,0.471166150092999,0.368370517672894,1.2790549935144
597,0.317726634884787,0.274216801119992,1.15866946732325
598,0.241341793802061,0.21636763095172,1.11542467207544
599,0.292871094395963,0.260291782135606,1.12516458258134
600,0.390369724215808,0.322470545235446,1.2105593207925
601,0.354112186256306,0.297503222125027,1.19028017151185
602,0.336983473579934,0.288596263812754,1.16766402006706
603,0.335561305324961,0.287179606195307,1.16847191822093
604,0.298285766820536,0.260291782135606,1.14596690058058
605,0.339877093265171,0.288596263812754,1.17769055210531
606,0.422887674363299,0.340916060960491,1.24044514996408
607,0.474522027614642,0.368941091716111,1.28617288306767
608,0.356799097728493,0.297503222125027,1.19931170889486
609,0.422752526564958,0.340916060960491,1.24004872452739
610,0.412576440697185,0.335351752648982,1.23027966139493
611,0.437146338980995,0.350941248011109,1.24563966606501
612,0.343648829125935,0.288596263812754,1.19075979912512
613,0.335988502298595,0.287179606195307,1.16995947849477
614,0.452244707482286,0.353670915296323,1.27871613955978
615,0.321316796282559,0.276403879447331,1.1624901825728
616,0.260492771380979,0.233288024440996,1.11661441690018
617,0.26614086003216,0.235072241415548,1.13216625846388
618,0.324238175896484,0.282901248473861,1.1461178684987
619,0.316993805053287,0.274216801119992,1.15599702045454
620,0.369788543404,0.307449255439015,1.20276285228263
621,0.342523352122126,0.288596263812754,1.18685996692029
622,0.464612896545099,0.36258762362824,1.2813810132181
623,0.421600964953311,0.340916060960491,1.23667087952823
624,0.445604058489368,0.353670915296323,1.25993978926998
625,0.35099955429772,0.297503222125027,1.1798176563957
626,0.400802787765394,0.326099913134243,1.22907971337115
627,0.470991581266645,0.369889294409121,1.27333120581127
628,0.469321032422872,0.363755341289456,1.29021069700091
629,0.445217120401038,0.353670915296323,1.25884572676273
630,0.330166567446724,0.282901248473861,1.16707356092573
631,0.411930822045096,0.335351752648982,1.22835446301147
632,0.453179436115744,0.359054574009712,1.26214639478033
633,0.327954950996373,0.281465667610343,1.16516857555213
634,0.454570586326862,0.355476679438865,1.2787634537501
635,0.329084400735172,0.282901248473861,1.1632483154827
636,0.416285906200931,0.340916060960491,1.22108035927699
637,0.392881327436834,0.322470545235446,1.21834794911262
638,0.464575504013683,0.363755341289456,1.27716476235602
639,0.447944501404041,0.359054574009712,1.24756662030972
640,0.44145728798037,0.350941248011109,1.25792362819202
641,0.238858613682168,0.214741090459127,1.11230977346476
642,0.365545315952519,0.307449255439015,1.18896146107281
643,0.437770271972886,0.3518539399157,1.24418181043467
644,0.320042883095284,0.276403879447331,1.15788129940581
645,0.362384207964999,0.303500895994304,1.19401363471362
646,0.444036633420111,0.359054574009712,1.23668284868612
647,0.47710415967796,0.369889294409121,1.28985663248273
648,0.423411925764584,0.340916060960491,1.24198292263401
649,0.33040976654965,0.278580313448756,1.18604851311731
650,0.37441211396749,0.307449255439015,1.21780133581022
651,0.466377397224676,0.36258762362824,1.28624742498892
652,0.30411395016639,0.265075352949755,1.14727358384027
653,0.437873921376858,0.3518539399157,1.24447639120303
654,0.476879580063406,0.371775372123827,1.28270890387159
655,0.35285421913118,0.297503222125027,1.18605175638364
656,0.296368695793232,0.260291782135606,1.13860181586075
657,0.39123287865401,0.322470545235446,1.21323601313217
658,0.335259314468945,0.287179606195307,1.16742034335453
659,0.303474926490622,0.265075352949755,1.14486285923439
660,0.446214241447792,0.353670915296323,1.26166507379871
661,0.334126061299025,0.287179606195307,1.16347419555896
662,0.288370462065696,0.25302602789626,1.13968695024501
663,0.326939556943585,0.282901248473861,1.15566671659207
664,0.297489546470369,0.260291782135606,1.1429079474948
665,0.361649901646263,0.303500895994304,1.19159418116858
666,0.304843137996041,0.265075352949755,1.15002445381568
667,0.358670216535712,0.302175871325805,1.18695849196045
668,0.389687390247782,0.322470545235446,1.20844336329465
669,0.265592000510274,0.235072241415548,1.12983140378865
670,0.306423176203593,0.265075352949755,1.15598516721272
671,0.423345926128916,0.339687813739542,1.24627940422237
672,0.363113395794649,0.303500895994304,1.19641622343502
673,0.517186476794345,0.395953682465781,1.3061792318071
674,0.434662118036033,0.345781817060492,1.25704156953976
675,0.286096900085518,0.250580003678311,1.14173874964422
676,0.430765040877041,0.344572462953061,1.25014354654255
677,0.321857879638335,0.276403879447331,1.16444776492244
678,0.32898646041518,0.282901248473861,1.16290211580872
679,0.423409957114936,0.340916060960491,1.24197714804644
680,0.424932904482694,0.340916060960491,1.2464443689907
681,0.357929153811384,0.303500895994304,1.17933475167764
682,0.441142599334124,0.350941248011109,1.25702692924874
683,0.299876725783903,0.258686544691705,1.15922815444958
684,0.331880080100417,0.282901248473861,1.17313048949334
685,0.442552447779599,0.350941248011109,1.26104426392645
686,0.331931068126302,0.282901248473861,1.17331072208743
687,0.331350316480117,0.282901248473861,1.17125787979947
688,0.266231024186042,0.235072241415548,1.13254981780436
689,0.392814393348799,0.322470545235446,1.21814038259523
690,0.363211336114641,0.303500895994304,1.19673892534886
691,0.371681892203045,0.307449255439015,1.20892110040179
692,0.337622497255702,0.288596263812754,1.16987826798325
693,0.336529585654371,0.287179606195307,1.17184360725637
694,0.284034412783308,0.25302602789626,1.12255017851271
695,0.467511142557008,0.36258762362824,1.28937424250406
696,0.319548653601133,0.276403879447331,1.1560932293717
697,0.296795892766866,0.260291782135606,1.14024303929904
698,0.394084664534225,0.322470545235446,1.22207956775243
699,0.4456181481149,0.359054574009712,1.24108751251515
700,0.415984763832914,0.335351752648982,1.24044308862859
701,0.368247189162032,0.307449255439015,1.19774949084265
702,0.341057200296715,0.288596263812754,1.18177967999613
703,0.421457351961484,0.340916060960491,1.23624962336499
704,0.348670248034106,0.297503222125027,1.17198814030853
705,0.33011193741899,0.282901248473861,1.16688045457492
706,0.44861837017858,0.359054574009712,1.24944340680212
707,0.38577825051618,0.316956212607091,1.21713421340759
708,0.429548907556937,0.344572462953061,1.24661414866298
709,0.412661984430344,0.337217149462505,1.22372775254192
710,0.36593796312483,0.307449255439015,1.19023857319901
711,0.360391934521138,0.303500895994304,1.18744932643593
712,0.476965806917992,0.371775372123827,1.28294083654129
713,0.42282507130449,0.340916060960491,1.24026151807935
714,0.409238595218859,0.335351752648982,1.22032639455806
715,0.413566474605207,0.335351752648982,1.23323188663366
716,0.439942904238581,0.350941248011109,1.25360842229824
717,0.471164790937282,0.368941091716111,1.27707322799334
718,0.457075527637479,0.36258762362824,1.26059329621829
719,0.300328536127871,0.260291782135606,1.15381489827983
720,0.377695699524217,0.315099360189597,1.19865587571157
721,0.498624587174169,0.377350983897428,1.32138144181891
722,0.369188203693817,0.307449255439015,1.20081020579036
723,0.358027094131376,0.303500895994304,1.17965745359149
724,0.453697391775454,0.355476679438865,1.27630704914774
725,0.458076508812463,0.357628797575652,1.28087142846925
726,0.494874057607413,0.37612266923651,1.31572515586991
727,0.441967039292672,0.3518539399157,1.25610939413827
728,0.451059594174687,0.359054574009712,1.25624244007677
729,0.452824094854265,0.359054574009712,1.26115673669713
730,0.323379645816305,0.276403879447331,1.1699533539938
731,0.270271579156252,0.240388964559862,1.12430942764408
732,0.465600294037511,0.361179785175107,1.28910950487381
733,0.43905806414018,0.3518539399157,1.24784182961081
734,0.270361743310135,0.240388964559862,1.12468450373814
735,0.395666179229014,0.322470545235446,1.22698393721549
736,0.440847997804562,0.353670915296323,1.24649208837316
737,0.41347896812835,0.335351752648982,1.23297094725831
738,0.294698493431797,0.260291782135606,1.13218516164397
739,0.301338398275148,0.26149219474005,1.15238008757665
740,0.282191689778613,0.250580003678311,1.12615406511401
741,0.456708613669043,0.359942040628624,1.26883931888429
742,0.433123913633503,0.345781817060492,1.25259308692258
743,0.337168609330139,0.287179606195307,1.17406877806231
744,0.480336717835808,0.377350983897428,1.27291762399743
745,0.287002250560278,0.25302602789626,1.13427955592753
746,0.454906786014083,0.357628797575652,1.27200826414952
747,0.304204114320273,0.265075352949755,1.1476137292098
748,0.419443817101423,0.340916060960491,1.23034337519825
749,0.421642306595921,0.340916060960491,1.23679214586721
750,0.285422212352725,0.25302602789626,1.12803498804379
751,0.298073940118402,0.260291782135606,1.14515309577892
752,0.213807935390494,0.197171891879543,1.08437330165252
753,0.299653978325955,0.260291782135606,1.15122335352809
754,0.492964719435927,0.377350983897428,1.30638249394342
755,0.433407497615309,0.345781817060492,1.25341321096559
756,0.358054915088203,0.302175871325805,1.18492225576194
757,0.274039180852756,0.240388964559862,1.1399823671378
758,0.361606591354006,0.303500895994304,1.19145147881472
759,0.288707494885448,0.25302602789626,1.1410189587445
760,0.362136354974305,0.303500895994304,1.19319698806128
761,0.305145128852057,0.265075352949755,1.15116371800096
762,0.272368978491321,0.240388964559862,1.13303445101988
763,0.483912191926017,0.372150935239358,1.30031163730591
764,0.453859159654337,0.357866925258576,1.26823444029202
765,0.297791537326385,0.260291782135606,1.14406814876407
766,0.336474955626637,0.287179606195307,1.17165337777434
767,0.501420372846494,0.380999207271064,1.31606670900435
768,0.354751209932074,0.297503222125027,1.19242812699013
769,0.354379627310998,0.297503222125027,1.19117912330398
770,0.484614010800799,0.371775372123827,1.30351294662786
771,0.357987425840968,0.303500895994304,1.17952675120829
772,0.453107974133518,0.359054574009712,1.26194736658963
773,0.377569895724565,0.309799036622075,1.21875748821377
774,0.359214941893337,0.302175871325805,1.1887611685118
775,0.308375781357045,0.265075352949755,1.16335139395438
776,0.409596692589845,0.335351752648982,1.22139422070824
777,0.387194398640529,0.316956212607091,1.22160217481052
778,0.420806958677781,0.339687813739542,1.23880498992654
779,0.369957059813876,0.307449255439015,1.2033109635787
780,0.421624687181571,0.340916060960491,1.23674046330845
781,0.317282737856188,0.276403879447331,1.14789538587734
782,0.451425022796963,0.357866925258576,1.26143264698403
783,0.235545775304104,0.211678792435035,1.11275094020764
784,0.333644580779995,0.282901248473861,1.17936765065504
785,0.264862812680624,0.235072241415548,1.12672943043247
786,0.346924079420052,0.294470574574393,1.17812817094364
787,0.319491135564365,0.274216801119992,1.16510415940765
788,0.284481197820941,0.25302602789626,1.12431594562113
789,0.435168762491082,0.350025753296998,1.24324784217189
790,0.363881267589884,0.303500895994304,1.1989462713043
791,0.363535938880515,0.304491742590593,1.19391066499071
792,0.285704615144743,0.25302602789626,1.12915108979176
793,0.447641414010171,0.353670915296323,1.26570038600747
794,0.219039749398774,0.1978009189563,1.1073747814446
795,0.365545315952519,0.307449255439015,1.18896146107281
796,0.35119484434281,0.297503222125027,1.18047408641248
797,0.436834019604601,0.353670915296323,1.23514261623295
798,0.417956600724778,0.340916060960491,1.22598096301839
799,0.478879928908124,0.373647679610114,1.28163495999176
800,0.231742341559139,0.208085447482223,1.11368836390607
801,0.353017617051971,0.297503222125027,1.18660098714364
802,0.359979699284829,0.303500895994304,1.18609105948598
803,0.442455498674705,0.353670915296323,1.25103727657106
804,0.361113936779573,0.303500895994304,1.18982823953953
805,0.243011996163496,0.21636763095172,1.12314395223804
806,0.441103294259575,0.3518539399157,1.25365455440191
807,0.430695645976946,0.344572462953061,1.24994215232927
808,0.391290045614925,0.321252426361902,1.21801428878275
809,0.214537123220144,0.197171891879543,1.08807153583133
810,0.421531570053216,0.340916060960491,1.23646732531639
811,0.498742257300934,0.37612266923651,1.32600956574441
812,0.36774065560758,0.307449255439015,1.19610195536975
813,0.450783983223955,0.359054574009712,1.25547483823939
814,0.321128691808685,0.276403879447331,1.16180964048255
815,0.273309993023106,0.240388964559862,1.13694900064785
816,0.332417521454344,0.282901248473861,1.17503023845813
817,0.3630974497325,0.303500895994304,1.19636368302291
818,0.319004682236323,0.274216801119992,1.16333018594558
819,0.420231276960657,0.340916060960491,1.23265321022631
820,0.273309993023106,0.240388964559862,1.13694900064785
821,0.420895007189508,0.340916060960491,1.23460011242558
822,0.242376790093125,0.215758223249627,1.12337220080229
823,0.293455488043997,0.260291782135606,1.12740973086547
824,0.464993153036524,0.363755341289456,1.27831292150431
825,0.325555560805288,0.281465667610343,1.15664394726813
826,0.364391443146185,0.303500895994304,1.20062724016809
827,0.318086143777571,0.276403879447331,1.15080202352291
828,0.317693988767673,0.276403879447331,1.14938324817618
829,0.419478366902747,0.340916060960491,1.23044471921011
830,0.316001802495618,0.274216801119992,1.15237943555961
831,0.351249194822294,0.295483961581345,1.18872507645596
832,0.315025253837686,0.274216801119992,1.1488182071668
833,0.394213512653692,0.322470545235446,1.22247913329841
834,0.363113395794649,0.303500895994304,1.19641622343502
835,0.32898646041518,0.282901248473861,1.16290211580872
836,0.319701223948859,0.276403879447331,1.15664521275208
837,0.440632423777823,0.350941248011109,1.25557319430252
838,0.3249714703293,0.278580313448756,1.16652704674725
839,0.298073940118402,0.260291782135606,1.14515309577892
840,0.358408831834797,0.297905872078528,1.20309421675421
841,0.329926034682882,0.281177983740258,1.17337079629839
842,0.35864751406797,0.303500895994304,1.18170166481057
843,0.341786388126365,0.288596263812754,1.18430635106254
844,0.413507513548247,0.335351752648982,1.23305606808941
845,0.326547401933686,0.282901248473861,1.15428052613864
846,0.223779151107772,0.204469849072037,1.09443593822448
847,0.391853298590604,0.322470545235446,1.21515997160144
848,0.238858613682168,0.214741090459127,1.11230977346476
849,0.200233796832206,0.184177327780637,1.08717940066268
850,0.457104902843203,0.359942040628624,1.26994029940178
851,0.288508070676097,0.25302602789626,1.14023080184614
852,0.353504070380012,0.297503222125027,1.18823610667131
853,0.328711833789272,0.282901248473861,1.16193136496407
854,0.498969699332077,0.387487862405955,1.28770407473906
855,0.326929251062677,0.279303426043472,1.17051643688679
856,0.311878351626026,0.267449058753204,1.16612244993474
857,0.383110434945579,0.316956212607091,1.20871722877537
858,0.302479281931104,0.265075352949755,1.14110677799772
859,0.479122171247321,0.373647679610114,1.28228327751765
860,0.43037603570658,0.344572462953061,1.24901459628597
861,0.328593974672141,0.281465667610343,1.16743891879219
862,0.484355625534488,0.371775372123827,1.30281794290872
863,0.348484423256525,0.295483961581345,1.17936831965951
864,0.337655062658181,0.287179606195307,1.17576267734188
865,0.452388334254661,0.359054574009712,1.25994310336351
866,0.447392196745271,0.359054574009712,1.2460284010563
867,0.308839937759173,0.267449058753204,1.15476172994934
868,0.409227767645794,0.335351752648982,1.22029410734626
869,0.458854694756935,0.36258762362824,1.26550015735616
870,0.263831633994957,0.235072241415548,1.12234278452542
871,0.4212295791972,0.340916060960491,1.23558150358313
872,0.360850594453448,0.302175871325805,1.19417408435096
873,0.341884328446357,0.288596263812754,1.1846457190041
874,0.445273226916008,0.353670915296323,1.25900436721786
875,0.488149217343646,0.378268203576495,1.29048440426194
876,0.419442881336624,0.339687813739542,1.23478931057043
877,0.326284748634938,0.281465667610343,1.15923462852543
878,0.480057571190309,0.371775372123827,1.29125705247204
879,0.363215434843209,0.302175871325805,1.20200012413165
880,0.338294086333949,0.287179606195307,1.17798784814782
881,0.567402947822235,0.409735220089919,1.38480394167168
882,0.390802039678527,0.322470545235446,1.21189995629892
883,0.243011996163496,0.21636763095172,1.12314395223804
884,0.448700744385805,0.353670915296323,1.26869562912704
885,0.363242243914116,0.303500895994304,1.19684076293776
886,0.500196172000132,0.378268203576495,1.3223320577062
887,0.302349988896816,0.26149219474005,1.1562486184239
888,0.452003561680943,0.359054574009712,1.25887147636982
889,0.330754603096607,0.282901248473861,1.16915215072714
890,0.351430393273203,0.297503222125027,1.18126583894783
891,0.351108322190776,0.297503222125027,1.1801832587992
892,0.48672936028336,0.37612266923651,1.29407079150898
893,0.492521978004671,0.380999207271064,1.29271129337092
894,0.416904849650289,0.340916060960491,1.22289588960904
895,0.465288521355124,0.367512332882023,1.26604872741642
896,0.215478137751928,0.197171891879543,1.09284409505777
897,0.336384791472755,0.287179606195307,1.17133941344005
898,0.31426566375779,0.267922353545604,1.17297291397635
899,0.329625484090948,0.282901248473861,1.16516093820422
900,0.394550356483078,0.326099913134243,1.20990635259892
901,0.33595759449912,0.287179606195307,1.1698518531662
902,0.304843137996041,0.265075352949755,1.15002445381568
903,0.320983897627068,0.276403879447331,1.16128579044865
904,0.299653978325955,0.260291782135606,1.15122335352809
905,0.23322851612639,0.210244124868795,1.10932239496318
906,0.442496348154903,0.353670915296323,1.25115277795506
907,0.337560764340038,0.287179606195307,1.175434317263
908,0.333601270487737,0.282901248473861,1.17921455733187
909,0.379071750192534,0.316956212607091,1.1959751382518
910,0.457549247739596,0.359054574009712,1.27431672191209
911,0.264560821824607,0.235072241415548,1.12544475788161
912,0.41731757704901,0.340916060960491,1.22410653189312
913,0.438816412395878,0.3518539399157,1.24715503399227
914,0.35920306699866,0.303500895994304,1.1835321468224
915,0.318392268797848,0.276403879447331,1.15190955146676
916,0.310938272859041,0.266659162715286,1.16605133569339
917,0.449000630755347,0.357866925258576,1.25465808395376
918,0.4420877175161,0.3518539399157,1.25645237231681
919,0.307736757681277,0.265075352949755,1.1609406693485
920,0.44909079490923,0.357866925258576,1.2549100327859
921,0.394224643398803,0.326099913134243,1.20890753882696
922,0.316637184169537,0.274216801119992,1.15469651340212
923,0.460234169891315,0.359942040628624,1.27863410755669
924,0.358568177487152,0.303500895994304,1.18144026004418
925,0.394699965981734,0.322470545235446,1.22398765348801
926,0.324845797641715,0.276403879447331,1.17525773622007
927,0.41067285491997,0.335351752648982,1.22460327604081
928,0.445824744114919,0.353670915296323,1.26056377506017
929,0.297062349496734,0.260291782135606,1.14126672405651
930,0.417411875367153,0.340916060960491,1.22438313463773
931,0.451768650593036,0.357866925258576,1.26239285808995
932,0.470182289082814,0.367512332882023,1.27936465531825
933,0.408381498315623,0.333475728459105,1.22462135461143
934,0.429548907556937,0.344572462953061,1.24661414866298
935,0.332233058982318,0.282901248473861,1.17437820007717
936,0.357031449571858,0.303500895994304,1.1763769210703
937,0.208894667794309,0.191481219126729,1.09094076561135
938,0.370199613199717,0.308756470400323,1.1990019600876
939,0.369376308167691,0.307449255439015,1.20142202862144
940,0.23507250142924,0.212701375051831,1.10517621887474
941,0.300515749459671,0.258686544691705,1.16169841696953
942,0.303330132309005,0.265075352949755,1.14431662141935
943,0.47080347679277,0.369889294409121,1.27282266318319
944,0.364508971530176,0.303500895994304,1.20101448246471
945,0.359395305636795,0.303500895994304,1.18416555067943
946,0.506172594664487,0.387487862405955,1.30629277397647
947,0.26109521098412,0.235072241415548,1.11070200978162
948,0.369352585939432,0.307449255439015,1.20134487043081
949,0.274678204528524,0.240388964559862,1.14264065753369
950,0.296423325820966,0.260291782135606,1.13881169581657
951,0.425601950065595,0.340916060960491,1.24840686257641
952,0.480773210773081,0.369889294409121,1.29977595469772
953,0.352213348862042,0.299512464708414,1.17595556233339
954,0.473248587690743,0.368370517672894,1.28470809955258
955,0.441521791770415,0.350025753296998,1.26139801889315
956,0.282281853932496,0.250580003678311,1.12651388693761
957,0.33197437841856,0.282901248473861,1.1734638154106
958,0.413777316982517,0.335351752648982,1.23386060670339
959,0.3421867287815,0.293454683077367,1.1660632748917
960,0.350025777498492,0.295483961581345,1.18458469158615
961,0.262161431633522,0.235072241415548,1.11523772460266
962,0.442530897956227,0.353670915296323,1.25125046707743
963,0.489841007917121,0.37612266923651,1.30234375107315
964,0.265199845500376,0.235072241415548,1.12816317189731
965,0.226907729128508,0.204469849072037,1.10973686417974
966,0.4060321118256,0.333475728459105,1.21757620472637
967,0.295125690405431,0.260291782135606,1.13382638508225
968,0.367497921105972,0.307449255439015,1.19531244458931
969,0.320677772606791,0.276403879447331,1.1601782625048
970,0.386326905298502,0.322470545235446,1.19802230314224
971,0.430278095386588,0.344572462953061,1.24873035906297
972,0.36094075860733,0.302175871325805,1.19447246738693
973,0.415372612224842,0.335351752648982,1.2386176870816
974,0.444294432028827,0.355476679438865,1.24985535684131
975,0.373391581739121,0.308756470400323,1.20934010307539
976,0.447734038976113,0.353670915296323,1.26596228191674
977,0.418710987269924,0.340916060960491,1.22819378497527
978,0.514770762560378,0.390346588753393,1.31875307071171
979,0.233957703956041,0.210244124868795,1.11279068607527
980,0.423221852641062,0.340916060960491,1.24142538620411
981,0.456080930399573,0.359054574009712,1.27022732312341
982,0.437721843191543,0.3518539399157,1.24404417155714
983,0.349524641981375,0.297503222125027,1.17486002163192
984,0.468538002025347,0.363755341289456,1.28805806772336
985,0.35807758999485,0.303500895994304,1.17982383156315
986,0.306011925292108,0.265075352949755,1.15443371813642
987,0.410162141922315,0.333475728459105,1.22996100441119
988,0.366784679338471,0.307449255439015,1.19299257633501
989,0.448525337702161,0.353670915296323,1.26819966896731
990,0.484556419923994,0.377350983897428,1.2841000569796
991,0.289009485741464,0.25302602789626,1.14221247570609
992,0.299014954650187,0.260291782135606,1.14876832528814
993,0.454915733920463,0.357866925258576,1.27118686252373
994,0.485455600650757,0.377350983897428,1.28648293330729
995,0.278212261379976,0.250580003678311,1.11027319537092
996,0.299653978325955,0.260291782135606,1.15122335352809
997,0.329927474946965,0.282901248473861,1.16622841619396
998,0.30761745620017,0.266659162715286,1.15359792278586
999,0.363697789442683,0.303500895994304,1.19834173224157
1000,0.226450587681293,0.206538630219577,1.09640790897348
